carrier,pickup,delivery,expected_delivery
4,2025-08-29 16:02,2025-09-04 11:16,2025-09-05 02:52
9,2025-08-29 16:58,2025-09-04 10:35,2025-09-03 22:50
9,2025-08-27 12:57,2025-09-04 10:33,2025-09-03 22:17
4,2025-08-29 07:51,2025-09-04 10:32,2025-09-04 19:02
4,2025-08-29 14:46,2025-09-04 09:40,2025-09-05 01:08
9,2025-08-29 11:41,2025-09-04 09:17,2025-09-04 08:39
9,2025-08-29 11:41,2025-09-04 09:10,2025-09-03 17:10
1,2025-08-29 17:08,2025-09-04 08:52,2025-09-04 15:54
5,2025-09-02 18:31,2025-09-03 23:40,2025-09-04 01:29
4,2025-08-29 10:53,2025-09-03 18:39,2025-09-04 08:04
1,2025-08-28 15:31,2025-09-03 15:42,2025-09-03 18:32
4,2025-08-28 14:37,2025-09-03 14:57,2025-09-03 19:34
9,2025-08-28 17:05,2025-09-03 14:55,2025-09-02 20:12
4,2025-08-29 14:42,2025-09-03 14:36,2025-09-04 04:04
4,2025-08-29 14:12,2025-09-03 14:15,2025-09-04 10:51
5,2025-09-02 14:11,2025-09-03 14:06,2025-09-03 22:37
1,2025-09-02 15:56,2025-09-03 14:03,2025-09-03 16:46
9,2025-08-28 12:46,2025-09-03 13:46,2025-09-02 13:33
4,2025-08-28 12:47,2025-09-03 13:42,2025-09-04 03:45
1,2025-08-28 17:28,2025-09-03 13:32,2025-09-03 19:13
4,2025-08-29 14:46,2025-09-03 13:30,2025-09-03 23:25
5,2025-09-02 18:49,2025-09-03 13:27,2025-09-04 01:39
1,2025-08-29 07:53,2025-09-03 13:26,2025-09-03 20:51
1,2025-08-28 15:31,2025-09-03 13:26,2025-09-03 14:06
1,2025-08-27 08:10,2025-09-03 13:24,2025-09-03 10:51
9,2025-08-28 12:46,2025-09-03 13:22,2025-09-03 02:11
4,2025-08-27 10:45,2025-09-03 13:20,2025-09-04 00:34
4,2025-08-29 14:42,2025-09-03 13:16,2025-09-04 01:34
1,2025-08-28 08:03,2025-09-03 13:12,2025-09-03 11:25
5,2025-09-02 13:59,2025-09-03 13:05,2025-09-03 22:26
4,2025-08-29 14:12,2025-09-03 13:05,2025-09-03 22:42
9,2025-08-28 15:40,2025-09-03 13:01,2025-09-03 12:32
2,2025-08-29 02:25,2025-09-03 12:52,2025-09-04 10:52
2,2025-08-29 02:26,2025-09-03 12:48,2025-09-03 17:53
4,2025-08-29 16:02,2025-09-03 12:48,2025-09-04 10:53
9,2025-08-27 13:16,2025-09-03 12:45,2025-09-02 16:11
9,2025-09-02 16:00,2025-09-03 12:38,2025-09-03 04:00
1,2025-08-28 15:31,2025-09-03 12:35,2025-09-04 03:37
1,2025-08-27 15:57,2025-09-03 12:34,2025-09-03 10:14
5,2025-08-29 18:40,2025-09-03 12:33,2025-09-03 20:58
9,2025-08-28 12:46,2025-09-03 12:31,2025-09-03 00:02
1,2025-08-29 07:52,2025-09-03 12:29,2025-09-03 19:45
1,2025-08-28 14:38,2025-09-03 12:25,2025-09-03 16:15
1,2025-08-29 17:08,2025-09-03 12:25,2025-09-03 10:20
4,2025-08-29 14:12,2025-09-03 12:13,2025-09-03 21:15
4,2025-08-29 16:02,2025-09-03 12:10,2025-09-03 23:37
1,2025-08-29 17:08,2025-09-03 12:04,2025-09-03 11:24
4,2025-09-02 13:08,2025-09-03 11:59,2025-09-03 22:21
2,2025-09-02 12:45,2025-09-03 11:53,2025-09-03 17:09
1,2025-08-29 07:52,2025-09-03 11:51,2025-09-03 22:40
1,2025-08-29 17:08,2025-09-03 11:51,2025-09-03 20:35
5,2025-08-28 18:05,2025-09-03 11:50,2025-09-03 07:38
4,2025-09-02 13:16,2025-09-03 11:50,2025-09-04 04:20
1,2025-09-02 16:32,2025-09-03 11:44,2025-09-03 04:32
1,2025-08-28 15:31,2025-09-03 11:42,2025-09-03 23:22
1,2025-08-28 08:05,2025-09-03 11:39,2025-09-04 01:40
1,2025-08-28 15:31,2025-09-03 11:35,2025-09-03 09:55
4,2025-08-29 10:54,2025-09-03 11:31,2025-09-03 13:58
1,2025-08-28 08:03,2025-09-03 11:31,2025-09-03 12:04
5,2025-08-29 18:47,2025-09-03 11:30,2025-09-03 04:28
1,2025-08-29 17:08,2025-09-03 11:29,2025-09-03 04:18
1,2025-09-02 16:32,2025-09-03 11:25,2025-09-03 17:00
5,2025-08-29 16:45,2025-09-03 11:21,2025-09-03 23:18
4,2025-09-02 13:16,2025-09-03 11:19,2025-09-04 06:11
4,2025-08-29 16:03,2025-09-03 11:18,2025-09-03 17:41
1,2025-08-29 17:08,2025-09-03 11:18,2025-09-04 04:13
1,2025-09-02 16:32,2025-09-03 11:17,2025-09-03 15:48
1,2025-08-28 15:31,2025-09-03 11:17,2025-09-03 13:57
9,2025-08-29 16:58,2025-09-03 11:14,2025-09-03 00:41
1,2025-09-02 08:15,2025-09-03 11:13,2025-09-03 09:56
4,2025-09-02 13:08,2025-09-03 11:06,2025-09-03 20:37
2,2025-08-29 02:25,2025-09-03 11:04,2025-09-02 15:34
2,2025-08-28 06:10,2025-09-03 10:58,2025-09-03 05:45
1,2025-08-29 07:54,2025-09-03 10:54,2025-09-03 20:49
5,2025-08-29 18:44,2025-09-03 10:47,2025-09-03 15:30
9,2025-08-28 12:46,2025-09-03 10:45,2025-09-03 04:32
1,2025-09-02 16:32,2025-09-03 10:43,2025-09-03 07:31
4,2025-09-02 16:16,2025-09-03 10:38,2025-09-04 05:47
9,2025-09-02 11:54,2025-09-03 10:35,2025-09-02 23:54
1,2025-09-02 16:32,2025-09-03 10:33,2025-09-03 09:03
1,2025-08-28 14:12,2025-09-03 10:31,2025-09-03 21:23
1,2025-09-02 15:55,2025-09-03 10:26,2025-09-03 17:42
1,2025-08-28 14:13,2025-09-03 10:24,2025-09-04 06:40
2,2025-08-29 07:56,2025-09-03 10:19,2025-09-03 19:24
5,2025-08-28 19:11,2025-09-03 10:08,2025-09-03 14:54
2,2025-09-02 12:45,2025-09-03 10:02,2025-09-03 06:32
1,2025-08-27 08:11,2025-09-03 09:59,2025-09-03 04:45
5,2025-08-29 17:46,2025-09-03 09:52,2025-09-03 10:01
1,2025-08-26 11:35,2025-09-03 09:49,2025-09-03 12:25
4,2025-08-29 10:53,2025-09-03 09:49,2025-09-03 22:48
1,2025-08-29 17:08,2025-09-03 09:39,2025-09-03 05:20
9,2025-08-29 11:41,2025-09-03 09:39,2025-09-02 12:56
4,2025-08-29 14:42,2025-09-03 09:31,2025-09-03 21:37
4,2025-08-29 10:53,2025-09-03 09:22,2025-09-04 08:15
1,2025-09-02 15:55,2025-09-03 09:21,2025-09-03 06:33
4,2025-08-29 14:12,2025-09-03 08:54,2025-09-03 20:05
4,2025-08-29 10:53,2025-09-03 08:48,2025-09-03 12:53
1,2025-09-02 00:00,2025-09-03 08:27,2025-09-03 13:30
1,2025-08-28 16:15,2025-09-03 08:22,2025-09-02 20:45
4,2025-08-29 10:53,2025-09-03 07:54,2025-09-04 01:18
2,2025-08-27 04:30,2025-09-03 02:40,2025-09-02 13:17
2,2025-09-02 12:44,2025-09-03 02:06,2025-09-03 01:07
2,2025-09-02 12:45,2025-09-03 01:40,2025-09-03 06:00
4,2025-08-29 10:53,2025-09-02 16:33,2025-09-03 16:25
1,2025-08-26 00:00,2025-09-02 16:04,2025-09-02 22:08
1,2025-08-28 15:31,2025-09-02 16:01,2025-09-02 08:51
4,2025-08-28 10:56,2025-09-02 15:23,2025-09-02 22:55
1,2025-08-27 16:26,2025-09-02 15:11,2025-09-02 14:11
1,2025-08-27 16:26,2025-09-02 15:06,2025-09-03 15:51
1,2025-08-26 00:00,2025-09-02 15:05,2025-09-02 13:54
4,2025-08-28 14:37,2025-09-02 15:04,2025-09-03 00:47
9,2025-08-28 17:05,2025-09-02 15:02,2025-09-02 06:27
4,2025-08-28 15:45,2025-09-02 14:57,2025-09-03 10:37
9,2025-08-27 13:16,2025-09-02 14:56,2025-09-02 01:45
1,2025-08-27 16:26,2025-09-02 14:40,2025-09-02 04:58
9,2025-08-27 16:41,2025-09-02 14:34,2025-09-02 10:13
1,2025-08-29 17:08,2025-09-02 14:33,2025-09-02 22:56
4,2025-08-29 14:42,2025-09-02 14:24,2025-09-02 17:21
1,2025-08-27 08:11,2025-09-02 14:20,2025-09-02 22:52
5,2025-08-29 15:36,2025-09-02 14:10,2025-09-02 17:13
9,2025-08-29 16:58,2025-09-02 14:08,2025-09-02 00:06
1,2025-08-29 15:06,2025-09-02 14:08,2025-09-03 05:21
9,2025-08-27 13:16,2025-09-02 14:07,2025-09-01 23:04
9,2025-08-25 12:13,2025-09-02 14:02,2025-09-02 10:59
1,2025-08-28 15:31,2025-09-02 13:50,2025-09-02 11:11
5,2025-08-28 12:10,2025-09-02 13:46,2025-09-02 13:44
4,2025-08-28 12:47,2025-09-02 13:46,2025-09-02 08:59
4,2025-08-28 15:45,2025-09-02 13:43,2025-09-03 01:45
4,2025-08-27 16:21,2025-09-02 13:32,2025-09-02 16:27
4,2025-08-28 10:56,2025-09-02 13:27,2025-09-03 14:47
1,2025-08-27 14:42,2025-09-02 13:26,2025-09-02 19:15
1,2025-08-28 15:31,2025-09-02 13:24,2025-09-02 15:29
5,2025-08-28 09:15,2025-09-02 13:23,2025-09-01 22:43
5,2025-08-29 18:11,2025-09-02 13:15,2025-09-03 03:22
1,2025-08-28 15:31,2025-09-02 13:15,2025-09-02 09:43
1,2025-08-26 16:19,2025-09-02 13:14,2025-09-02 13:03
4,2025-08-29 10:53,2025-09-02 13:13,2025-09-02 14:44
1,2025-08-27 16:26,2025-09-02 13:11,2025-09-02 11:59
4,2025-08-28 14:30,2025-09-02 13:10,2025-09-03 03:07
9,2025-08-27 17:06,2025-09-02 13:06,2025-09-02 04:16
4,2025-08-29 10:53,2025-09-02 13:03,2025-09-03 13:56
9,2025-08-27 12:57,2025-09-02 13:02,2025-09-01 22:11
1,2025-08-28 08:04,2025-09-02 13:01,2025-09-02 19:25
4,2025-08-28 15:42,2025-09-02 12:56,2025-09-02 10:21
1,2025-08-27 15:58,2025-09-02 12:53,2025-09-02 22:48
1,2025-08-27 16:26,2025-09-02 12:48,2025-09-02 14:54
1,2025-08-28 17:28,2025-09-02 12:46,2025-09-03 06:44
9,2025-08-29 11:41,2025-09-02 12:44,2025-09-02 02:51
1,2025-08-28 14:38,2025-09-02 12:42,2025-09-02 15:18
4,2025-08-28 10:56,2025-09-02 12:39,2025-09-02 20:07
1,2025-08-27 16:26,2025-09-02 12:37,2025-09-02 05:15
1,2025-08-28 15:31,2025-09-02 12:35,2025-09-02 17:45
5,2025-08-28 09:15,2025-09-02 12:34,2025-09-02 21:57
5,2025-08-29 17:59,2025-09-02 12:32,2025-09-02 08:41
1,2025-08-27 16:26,2025-09-02 12:29,2025-09-02 12:56
1,2025-08-28 14:38,2025-09-02 12:29,2025-09-02 13:09
1,2025-08-29 17:08,2025-09-02 12:27,2025-09-02 23:07
4,2025-08-27 15:10,2025-09-02 12:24,2025-09-02 17:16
9,2025-08-26 12:59,2025-09-02 12:23,2025-09-01 22:26
5,2025-08-29 16:10,2025-09-02 12:21,2025-09-02 06:28
4,2025-08-28 15:42,2025-09-02 12:19,2025-09-02 16:00
1,2025-08-28 15:31,2025-09-02 12:16,2025-09-02 11:56
5,2025-08-28 17:52,2025-09-02 12:07,2025-09-02 09:42
5,2025-08-28 09:15,2025-09-02 12:05,2025-09-01 17:59
2,2025-08-29 02:22,2025-09-02 11:59,2025-09-02 09:56
1,2025-08-28 16:15,2025-09-02 11:58,2025-09-02 19:15
1,2025-08-28 15:31,2025-09-02 11:57,2025-09-02 15:48
9,2025-08-29 16:58,2025-09-02 11:56,2025-09-01 10:16
9,2025-08-29 11:41,2025-09-02 11:56,2025-09-01 21:44
4,2025-08-28 14:37,2025-09-02 11:53,2025-09-02 21:55
4,2025-08-28 12:47,2025-09-02 11:52,2025-09-02 16:13
1,2025-08-29 15:06,2025-09-02 11:51,2025-09-02 20:57
1,2025-08-28 15:31,2025-09-02 11:48,2025-09-03 07:06
5,2025-08-29 16:15,2025-09-02 11:48,2025-09-02 09:17
1,2025-08-28 17:28,2025-09-02 11:47,2025-09-02 14:39
4,2025-08-28 15:45,2025-09-02 11:47,2025-09-03 07:17
4,2025-08-29 10:53,2025-09-02 11:46,2025-09-02 18:50
4,2025-08-29 14:42,2025-09-02 11:46,2025-09-02 21:03
2,2025-08-29 07:58,2025-09-02 11:45,2025-09-02 20:06
4,2025-08-29 16:02,2025-09-02 11:45,2025-09-02 21:47
4,2025-08-28 12:47,2025-09-02 11:45,2025-09-03 03:47
1,2025-08-28 16:15,2025-09-02 11:41,2025-09-03 04:56
4,2025-08-28 14:30,2025-09-02 11:39,2025-09-02 22:14
4,2025-08-26 08:07,2025-09-02 11:38,2025-09-03 02:24
5,2025-08-28 12:12,2025-09-02 11:32,2025-09-02 17:47
1,2025-08-28 15:31,2025-09-02 11:30,2025-09-02 11:54
4,2025-08-29 14:12,2025-09-02 11:29,2025-09-02 21:47
4,2025-08-28 15:45,2025-09-02 11:28,2025-09-03 06:43
1,2025-08-28 08:04,2025-09-02 11:27,2025-09-02 12:53
4,2025-08-29 18:14,2025-09-02 11:27,2025-09-02 17:19
4,2025-08-26 11:02,2025-09-02 11:21,2025-09-03 07:44
4,2025-08-28 14:37,2025-09-02 11:16,2025-09-02 22:28
1,2025-08-26 16:19,2025-09-02 11:11,2025-09-02 15:57
2,2025-08-29 02:25,2025-09-02 11:07,2025-09-01 16:04
9,2025-08-27 16:41,2025-09-02 11:06,2025-09-02 13:32
5,2025-08-29 16:28,2025-09-02 11:05,2025-09-02 05:14
5,2025-08-28 12:11,2025-09-02 11:04,2025-09-02 13:38
1,2025-08-29 17:08,2025-09-02 11:01,2025-09-02 16:39
5,2025-08-28 09:15,2025-09-02 10:55,2025-09-01 18:56
4,2025-08-29 14:42,2025-09-02 10:53,2025-09-03 01:21
9,2025-08-29 11:41,2025-09-02 10:49,2025-09-01 02:47
1,2025-08-28 14:38,2025-09-02 10:47,2025-09-02 19:17
1,2025-08-29 17:08,2025-09-02 10:46,2025-09-02 12:37
1,2025-08-28 15:31,2025-09-02 10:45,2025-09-02 19:40
4,2025-08-28 15:42,2025-09-02 10:40,2025-09-03 06:52
4,2025-08-29 10:53,2025-09-02 10:36,2025-09-03 00:28
9,2025-08-29 11:41,2025-09-02 10:36,2025-09-01 23:46
1,2025-08-27 16:44,2025-09-02 10:33,2025-09-02 13:38
5,2025-08-29 15:34,2025-09-02 10:32,2025-09-03 04:12
4,2025-08-28 14:30,2025-09-02 10:32,2025-09-02 08:06
4,2025-08-29 14:12,2025-09-02 10:30,2025-09-03 02:18
1,2025-08-28 14:38,2025-09-02 10:30,2025-09-02 00:39
5,2025-08-29 16:17,2025-09-02 10:27,2025-09-02 18:54
4,2025-08-28 11:00,2025-09-02 10:27,2025-09-02 22:23
2,2025-08-27 02:38,2025-09-02 10:22,2025-09-01 07:46
2,2025-08-29 02:22,2025-09-02 10:22,2025-09-02 17:40
1,2025-08-27 16:26,2025-09-02 10:22,2025-09-03 03:43
1,2025-08-29 17:08,2025-09-02 10:21,2025-09-02 19:44
1,2025-08-28 17:28,2025-09-02 10:21,2025-09-02 11:10
1,2025-08-28 14:38,2025-09-02 10:21,2025-09-02 09:19
4,2025-08-28 12:47,2025-09-02 10:17,2025-09-02 13:50
4,2025-08-29 14:42,2025-09-02 10:15,2025-09-03 02:48
1,2025-08-29 17:08,2025-09-02 10:15,2025-09-03 04:30
1,2025-08-28 15:31,2025-09-02 10:12,2025-09-02 18:39
2,2025-08-29 02:26,2025-09-02 10:05,2025-09-01 23:39
1,2025-08-27 14:42,2025-09-02 10:01,2025-09-02 10:54
1,2025-08-28 15:31,2025-09-02 10:01,2025-09-03 07:15
1,2025-08-28 16:15,2025-09-02 10:01,2025-09-02 15:06
5,2025-08-29 16:17,2025-09-02 09:59,2025-09-01 22:14
5,2025-08-29 16:17,2025-09-02 09:57,2025-09-01 16:05
9,2025-08-27 13:16,2025-09-02 09:50,2025-09-01 15:54
1,2025-08-28 15:31,2025-09-02 09:43,2025-09-02 11:55
2,2025-08-29 02:26,2025-09-02 09:43,2025-09-02 20:08
5,2025-08-28 09:15,2025-09-02 09:41,2025-09-02 16:45
4,2025-08-28 10:56,2025-09-02 09:41,2025-09-02 23:41
5,2025-08-28 09:15,2025-09-02 09:38,2025-09-02 05:24
1,2025-08-29 17:08,2025-09-02 09:36,2025-09-02 09:31
4,2025-08-28 10:56,2025-09-02 09:34,2025-09-03 03:59
1,2025-08-28 14:38,2025-09-02 09:34,2025-09-03 00:02
4,2025-08-28 12:47,2025-09-02 09:20,2025-09-03 06:16
1,2025-08-28 16:15,2025-09-02 09:18,2025-09-02 23:49
2,2025-08-28 06:10,2025-09-02 09:11,2025-09-02 03:46
4,2025-08-28 12:47,2025-09-02 09:07,2025-09-03 18:56
1,2025-08-28 16:15,2025-09-02 09:07,2025-09-02 16:42
1,2025-08-28 15:31,2025-09-02 09:04,2025-09-02 10:05
1,2025-08-28 16:15,2025-09-02 09:03,2025-09-02 01:03
1,2025-08-28 16:15,2025-09-02 08:57,2025-09-02 13:09
4,2025-08-28 10:56,2025-09-02 08:52,2025-09-02 14:51
5,2025-08-28 16:07,2025-09-02 08:49,2025-09-02 12:10
4,2025-08-28 12:47,2025-09-02 08:42,2025-09-03 05:21
4,2025-08-28 11:00,2025-09-02 08:41,2025-09-03 04:44
1,2025-08-28 14:38,2025-09-02 08:41,2025-09-02 00:39
5,2025-08-29 18:04,2025-09-02 08:38,2025-09-02 00:16
1,2025-08-27 08:10,2025-09-02 08:27,2025-09-02 09:09
1,2025-08-28 14:38,2025-09-02 07:14,2025-09-01 08:03
4,2025-08-28 12:47,2025-09-02 07:10,2025-09-02 21:50
2,2025-08-28 06:10,2025-09-02 04:32,2025-09-01 23:19
2,2025-08-28 06:10,2025-09-02 03:05,2025-09-02 00:29
9,2025-08-22 12:08,2025-08-29 17:45,2025-08-29 06:24
4,2025-08-27 14:51,2025-08-29 15:50,2025-08-29 10:46
9,2025-08-25 12:13,2025-08-29 15:49,2025-08-28 13:57
5,2025-08-27 16:06,2025-08-29 15:22,2025-08-30 03:07
1,2025-08-27 16:26,2025-08-29 15:04,2025-08-29 23:13
4,2025-08-26 14:58,2025-08-29 14:55,2025-08-30 01:43
1,2025-08-26 16:19,2025-08-29 14:25,2025-08-29 12:38
1,2025-08-27 16:44,2025-08-29 14:22,2025-08-30 06:29
1,2025-08-27 16:26,2025-08-29 14:17,2025-08-30 14:01
1,2025-08-27 16:26,2025-08-29 14:16,2025-08-30 11:04
5,2025-08-28 14:51,2025-08-29 14:10,2025-08-29 14:45
4,2025-08-27 15:13,2025-08-29 14:10,2025-08-30 05:26
4,2025-08-27 16:21,2025-08-29 14:10,2025-08-30 01:40
1,2025-08-26 08:05,2025-08-29 14:02,2025-08-30 01:17
1,2025-08-27 16:44,2025-08-29 13:58,2025-08-30 05:03
5,2025-08-27 13:52,2025-08-29 13:56,2025-08-30 06:55
1,2025-08-26 16:19,2025-08-29 13:55,2025-08-29 15:57
4,2025-08-27 14:51,2025-08-29 13:53,2025-08-30 01:10
9,2025-08-27 16:41,2025-08-29 13:52,2025-08-28 16:19
1,2025-08-26 16:19,2025-08-29 13:46,2025-08-29 11:55
4,2025-08-27 10:39,2025-08-29 13:45,2025-08-30 05:45
1,2025-08-27 17:22,2025-08-29 13:42,2025-08-29 07:09
1,2025-08-27 16:26,2025-08-29 13:31,2025-08-29 19:27
4,2025-08-27 16:20,2025-08-29 13:28,2025-08-30 09:25
9,2025-08-25 15:06,2025-08-29 13:26,2025-08-29 04:36
9,2025-08-27 12:57,2025-08-29 13:26,2025-08-29 05:08
1,2025-08-28 15:31,2025-08-29 13:26,2025-08-30 12:25
1,2025-08-27 16:26,2025-08-29 13:12,2025-08-29 16:41
1,2025-08-28 16:15,2025-08-29 13:12,2025-08-29 15:54
1,2025-08-26 16:19,2025-08-29 13:06,2025-08-29 20:56
5,2025-08-27 15:19,2025-08-29 13:05,2025-08-29 19:04
1,2025-08-27 16:26,2025-08-29 12:58,2025-08-29 14:38
1,2025-08-27 16:44,2025-08-29 12:56,2025-08-29 03:18
1,2025-08-26 16:19,2025-08-29 12:50,2025-08-29 17:18
1,2025-08-27 16:44,2025-08-29 12:49,2025-08-29 21:52
5,2025-08-27 13:56,2025-08-29 12:48,2025-08-29 17:46
1,2025-08-26 16:19,2025-08-29 12:48,2025-08-29 18:11
5,2025-08-26 13:57,2025-08-29 12:45,2025-08-29 23:22
4,2025-08-27 10:39,2025-08-29 12:40,2025-08-30 04:07
1,2025-08-27 16:26,2025-08-29 12:39,2025-08-29 16:56
4,2025-08-26 16:38,2025-08-29 12:35,2025-08-29 11:29
2,2025-08-28 06:10,2025-08-29 12:29,2025-08-29 04:33
4,2025-08-27 14:55,2025-08-29 12:26,2025-08-29 18:08
1,2025-08-27 16:44,2025-08-29 12:26,2025-08-29 23:13
1,2025-08-26 15:43,2025-08-29 12:25,2025-08-29 11:35
4,2025-08-27 14:55,2025-08-29 12:23,2025-08-30 12:21
4,2025-08-27 14:51,2025-08-29 12:20,2025-08-30 00:06
1,2025-08-27 16:26,2025-08-29 12:17,2025-08-29 13:33
1,2025-08-28 14:38,2025-08-29 12:16,2025-08-29 23:30
9,2025-08-25 15:06,2025-08-29 12:13,2025-08-28 06:13
4,2025-08-27 14:51,2025-08-29 12:11,2025-08-29 21:49
2,2025-08-27 04:30,2025-08-29 12:05,2025-08-30 04:03
1,2025-08-27 16:26,2025-08-29 12:05,2025-08-29 12:14
4,2025-08-27 10:39,2025-08-29 12:04,2025-08-30 05:53
1,2025-08-28 17:28,2025-08-29 12:02,2025-08-29 16:49
4,2025-08-27 14:55,2025-08-29 11:59,2025-08-29 22:28
1,2025-08-26 16:19,2025-08-29 11:57,2025-08-29 13:28
4,2025-08-27 16:20,2025-08-29 11:53,2025-08-30 19:24
4,2025-08-27 10:39,2025-08-29 11:53,2025-08-30 12:00
2,2025-08-27 02:38,2025-08-29 11:50,2025-08-29 05:20
5,2025-08-27 15:49,2025-08-29 11:50,2025-08-29 00:54
2,2025-08-25 01:41,2025-08-29 11:44,2025-08-28 19:44
1,2025-08-27 14:42,2025-08-29 11:44,2025-08-29 01:23
4,2025-08-28 14:30,2025-08-29 11:41,2025-08-30 19:20
9,2025-08-25 15:06,2025-08-29 11:40,2025-08-28 16:00
1,2025-08-28 16:15,2025-08-29 11:40,2025-08-30 08:33
4,2025-08-27 14:55,2025-08-29 11:38,2025-08-29 12:28
4,2025-08-27 15:13,2025-08-29 11:28,2025-08-29 23:44
1,2025-08-28 16:15,2025-08-29 11:25,2025-08-30 01:48
1,2025-08-27 16:26,2025-08-29 11:25,2025-08-28 23:20
4,2025-08-28 14:30,2025-08-29 11:21,2025-08-29 20:20
1,2025-08-28 17:28,2025-08-29 11:19,2025-08-30 08:00
4,2025-08-28 14:37,2025-08-29 11:18,2025-08-29 23:14
1,2025-08-27 08:11,2025-08-29 11:18,2025-08-29 22:14
5,2025-08-28 14:55,2025-08-29 11:18,2025-08-29 10:21
1,2025-08-27 17:22,2025-08-29 11:12,2025-08-29 19:54
1,2025-08-28 14:38,2025-08-29 11:09,2025-08-29 04:24
1,2025-08-25 15:56,2025-08-29 11:08,2025-08-30 03:53
1,2025-08-26 00:00,2025-08-29 11:07,2025-08-29 13:15
4,2025-08-28 14:30,2025-08-29 11:06,2025-08-29 10:15
2,2025-08-27 02:38,2025-08-29 11:03,2025-08-29 17:59
1,2025-08-26 00:00,2025-08-29 10:52,2025-08-29 13:53
1,2025-08-27 17:22,2025-08-29 10:47,2025-08-29 13:53
4,2025-08-28 12:47,2025-08-29 10:47,2025-08-30 06:58
1,2025-08-28 16:15,2025-08-29 10:45,2025-08-29 10:06
1,2025-08-27 17:22,2025-08-29 10:43,2025-08-29 14:42
1,2025-08-26 16:19,2025-08-29 10:43,2025-08-29 23:26
9,2025-08-21 13:07,2025-08-29 10:38,2025-08-28 06:37
1,2025-08-26 16:19,2025-08-29 10:34,2025-08-29 08:43
1,2025-08-27 16:26,2025-08-29 10:32,2025-08-29 16:44
1,2025-08-25 15:56,2025-08-29 10:31,2025-08-29 20:39
4,2025-08-28 10:56,2025-08-29 10:30,2025-08-30 07:29
1,2025-08-26 00:00,2025-08-29 10:26,2025-08-29 04:53
1,2025-08-26 16:19,2025-08-29 10:25,2025-08-29 16:26
1,2025-08-27 16:26,2025-08-29 10:24,2025-08-29 11:20
4,2025-08-27 14:55,2025-08-29 10:23,2025-08-30 02:19
4,2025-08-27 16:20,2025-08-29 10:22,2025-08-29 19:35
1,2025-08-27 16:44,2025-08-29 10:21,2025-08-29 16:07
1,2025-08-27 16:26,2025-08-29 10:21,2025-08-29 08:44
1,2025-08-26 16:19,2025-08-29 10:18,2025-08-29 16:38
1,2025-08-28 16:15,2025-08-29 10:17,2025-08-29 08:06
1,2025-08-28 13:29,2025-08-29 10:14,2025-08-29 09:23
1,2025-08-28 13:29,2025-08-29 10:14,2025-08-29 16:00
4,2025-08-27 15:59,2025-08-29 10:13,2025-08-30 07:50
4,2025-08-27 14:51,2025-08-29 10:11,2025-08-30 08:28
1,2025-08-26 16:19,2025-08-29 10:10,2025-08-29 21:11
2,2025-08-28 06:10,2025-08-29 10:09,2025-08-29 18:25
4,2025-08-28 08:04,2025-08-29 10:06,2025-08-29 17:13
4,2025-08-27 14:51,2025-08-29 10:05,2025-08-30 00:52
2,2025-08-27 02:38,2025-08-29 10:05,2025-08-28 20:53
1,2025-08-27 16:26,2025-08-29 10:03,2025-08-28 19:42
1,2025-08-28 16:15,2025-08-29 10:03,2025-08-29 14:38
1,2025-08-25 15:56,2025-08-29 09:58,2025-08-30 03:46
9,2025-08-27 12:57,2025-08-29 09:57,2025-08-28 23:57
4,2025-08-28 11:00,2025-08-29 09:56,2025-08-30 00:57
9,2025-08-28 15:40,2025-08-29 09:54,2025-08-29 09:12
9,2025-08-26 12:59,2025-08-29 09:52,2025-08-28 22:46
1,2025-08-27 17:22,2025-08-29 09:52,2025-08-29 12:15
4,2025-08-26 14:58,2025-08-29 09:40,2025-08-30 03:55
1,2025-08-28 16:15,2025-08-29 09:32,2025-08-29 20:47
4,2025-08-27 15:13,2025-08-29 09:29,2025-08-30 06:15
5,2025-08-27 14:14,2025-08-29 09:27,2025-08-28 18:26
1,2025-08-27 16:44,2025-08-29 09:22,2025-08-29 15:30
4,2025-08-27 10:39,2025-08-29 09:18,2025-08-30 06:40
1,2025-08-27 17:22,2025-08-29 09:15,2025-08-29 17:10
1,2025-08-28 15:31,2025-08-29 09:15,2025-08-29 06:02
1,2025-08-26 08:07,2025-08-29 09:10,2025-08-29 19:43
4,2025-08-27 15:13,2025-08-29 08:59,2025-08-29 19:20
4,2025-08-27 16:20,2025-08-29 08:56,2025-08-29 17:13
1,2025-08-27 16:44,2025-08-29 08:49,2025-08-29 07:19
4,2025-08-27 14:51,2025-08-29 08:48,2025-08-29 11:26
4,2025-08-27 16:20,2025-08-29 08:48,2025-08-30 03:49
5,2025-08-25 16:34,2025-08-29 08:46,2025-08-28 23:15
1,2025-08-27 17:22,2025-08-29 08:32,2025-08-29 19:59
1,2025-08-26 15:43,2025-08-29 08:06,2025-08-29 16:13
1,2025-08-27 16:44,2025-08-29 07:45,2025-08-29 02:30
4,2025-08-25 09:03,2025-08-29 06:41,2025-08-29 14:10
2,2025-08-27 02:38,2025-08-29 02:33,2025-08-29 02:31
5,2025-08-27 15:55,2025-08-29 01:20,2025-08-29 11:20
2,2025-08-27 02:38,2025-08-29 01:05,2025-08-28 20:21
5,2025-08-27 14:08,2025-08-28 23:50,2025-08-29 05:07
9,2025-08-22 12:08,2025-08-28 17:28,2025-08-28 12:01
9,2025-08-26 12:59,2025-08-28 15:37,2025-08-28 07:51
1,2025-08-26 08:06,2025-08-28 15:18,2025-08-28 18:01
1,2025-08-27 16:44,2025-08-28 14:54,2025-08-29 13:31
4,2025-08-25 10:27,2025-08-28 14:53,2025-08-29 02:15
4,2025-08-26 14:55,2025-08-28 14:50,2025-08-29 03:46
4,2025-08-26 16:38,2025-08-28 14:49,2025-08-29 10:07
9,2025-08-26 12:59,2025-08-28 14:31,2025-08-27 16:36
9,2025-08-21 13:07,2025-08-28 14:27,2025-08-27 20:06
9,2025-08-26 15:13,2025-08-28 14:24,2025-08-28 06:17
4,2025-08-26 14:58,2025-08-28 14:21,2025-08-29 10:22
1,2025-08-27 17:22,2025-08-28 14:19,2025-08-28 13:16
1,2025-08-26 15:43,2025-08-28 14:16,2025-08-29 07:48
1,2025-08-26 17:13,2025-08-28 14:12,2025-08-28 21:47
1,2025-08-26 16:19,2025-08-28 14:07,2025-08-29 00:13
1,2025-08-26 15:43,2025-08-28 13:58,2025-08-28 18:10
1,2025-08-26 16:19,2025-08-28 13:52,2025-08-28 16:53
9,2025-08-26 12:59,2025-08-28 13:50,2025-08-28 00:19
4,2025-08-27 14:51,2025-08-28 13:48,2025-08-28 18:40
4,2025-08-26 14:58,2025-08-28 13:44,2025-08-29 02:13
1,2025-08-26 14:35,2025-08-28 13:40,2025-08-28 21:06
4,2025-08-26 14:55,2025-08-28 13:36,2025-08-29 14:10
9,2025-08-22 12:08,2025-08-28 13:34,2025-08-27 18:18
5,2025-08-27 15:58,2025-08-28 13:34,2025-08-28 09:07
4,2025-08-27 10:39,2025-08-28 13:28,2025-08-28 15:40
4,2025-08-26 15:12,2025-08-28 13:21,2025-08-29 10:01
1,2025-08-27 16:44,2025-08-28 13:12,2025-08-28 17:46
4,2025-08-26 15:12,2025-08-28 13:11,2025-08-29 04:04
4,2025-08-26 11:02,2025-08-28 13:08,2025-08-29 04:16
1,2025-08-26 16:19,2025-08-28 13:04,2025-08-28 17:46
1,2025-08-26 15:43,2025-08-28 12:59,2025-08-29 08:11
4,2025-08-26 11:02,2025-08-28 12:53,2025-08-28 20:21
1,2025-08-27 17:22,2025-08-28 12:53,2025-08-28 12:11
4,2025-08-26 14:46,2025-08-28 12:50,2025-08-28 17:44
1,2025-08-27 17:22,2025-08-28 12:49,2025-08-28 05:22
1,2025-08-26 15:43,2025-08-28 12:48,2025-08-28 20:16
2,2025-08-26 04:13,2025-08-28 12:48,2025-08-28 13:06
4,2025-08-27 14:55,2025-08-28 12:44,2025-08-29 03:03
1,2025-08-26 17:14,2025-08-28 12:43,2025-08-28 01:12
1,2025-08-25 15:56,2025-08-28 12:33,2025-08-29 07:53
9,2025-08-22 14:56,2025-08-28 12:32,2025-08-27 19:15
4,2025-08-26 15:15,2025-08-28 12:31,2025-08-29 15:16
4,2025-08-26 16:39,2025-08-28 12:31,2025-08-30 00:36
1,2025-08-26 16:19,2025-08-28 12:31,2025-08-29 10:17
5,2025-08-27 13:58,2025-08-28 12:30,2025-08-29 00:06
4,2025-08-26 11:02,2025-08-28 12:29,2025-08-28 17:54
1,2025-08-25 15:56,2025-08-28 12:29,2025-08-29 00:34
1,2025-08-25 15:56,2025-08-28 12:29,2025-08-28 19:11
1,2025-08-27 16:26,2025-08-28 12:26,2025-08-29 03:00
4,2025-08-26 14:46,2025-08-28 12:23,2025-08-28 21:39
4,2025-08-26 14:58,2025-08-28 12:20,2025-08-29 11:59
1,2025-08-22 15:32,2025-08-28 12:13,2025-08-28 05:56
4,2025-08-26 14:46,2025-08-28 12:10,2025-08-29 10:54
5,2025-08-26 16:38,2025-08-28 12:10,2025-08-28 18:35
4,2025-08-26 16:38,2025-08-28 12:08,2025-08-29 01:30
2,2025-08-26 02:49,2025-08-28 12:07,2025-08-28 11:54
1,2025-08-26 15:43,2025-08-28 12:06,2025-08-28 04:55
1,2025-08-26 16:19,2025-08-28 12:04,2025-08-28 15:51
1,2025-08-26 14:35,2025-08-28 11:59,2025-08-29 02:55
9,2025-08-25 12:13,2025-08-28 11:58,2025-08-28 03:28
2,2025-08-27 02:38,2025-08-28 11:58,2025-08-28 16:46
5,2025-08-27 13:45,2025-08-28 11:49,2025-08-28 05:43
2,2025-08-22 02:42,2025-08-28 11:49,2025-08-28 08:35
4,2025-08-25 15:18,2025-08-28 11:48,2025-08-29 03:12
5,2025-08-26 13:11,2025-08-28 11:47,2025-08-28 04:28
9,2025-08-26 12:59,2025-08-28 11:47,2025-08-28 03:01
2,2025-08-25 01:41,2025-08-28 11:46,2025-08-28 12:54
1,2025-08-27 16:44,2025-08-28 11:46,2025-08-28 15:02
4,2025-08-26 14:58,2025-08-28 11:38,2025-08-28 13:11
4,2025-08-26 16:38,2025-08-28 11:38,2025-08-29 02:51
1,2025-08-26 16:19,2025-08-28 11:31,2025-08-28 19:15
1,2025-08-25 15:56,2025-08-28 11:31,2025-08-29 01:06
1,2025-08-25 07:49,2025-08-28 11:30,2025-08-28 10:32
4,2025-08-26 15:15,2025-08-28 11:27,2025-08-29 06:47
1,2025-08-26 16:19,2025-08-28 11:23,2025-08-28 13:17
4,2025-08-26 14:51,2025-08-28 11:21,2025-08-29 17:43
1,2025-08-25 16:30,2025-08-28 11:19,2025-08-28 07:21
1,2025-08-27 17:22,2025-08-28 11:19,2025-08-29 03:18
1,2025-08-26 14:35,2025-08-28 11:19,2025-08-28 22:38
1,2025-08-26 15:43,2025-08-28 11:14,2025-08-28 07:08
1,2025-08-27 16:44,2025-08-28 11:10,2025-08-29 03:10
4,2025-08-27 15:10,2025-08-28 11:07,2025-08-29 02:11
4,2025-08-27 16:20,2025-08-28 11:07,2025-08-29 00:53
4,2025-08-26 11:02,2025-08-28 11:05,2025-08-29 09:52
5,2025-08-26 13:59,2025-08-28 11:04,2025-08-27 23:47
1,2025-08-26 14:35,2025-08-28 11:03,2025-08-28 03:15
1,2025-08-26 15:43,2025-08-28 11:02,2025-08-29 08:23
9,2025-08-25 15:06,2025-08-28 10:58,2025-08-28 09:56
2,2025-08-27 02:38,2025-08-28 10:57,2025-08-28 04:09
9,2025-08-21 13:07,2025-08-28 10:52,2025-08-28 08:36
4,2025-08-26 14:55,2025-08-28 10:51,2025-08-29 04:30
4,2025-08-26 11:02,2025-08-28 10:50,2025-08-29 00:08
1,2025-08-27 16:44,2025-08-28 10:37,2025-08-28 09:36
4,2025-08-26 16:39,2025-08-28 10:33,2025-08-29 02:49
1,2025-08-26 08:06,2025-08-28 10:32,2025-08-28 14:32
1,2025-08-25 15:56,2025-08-28 10:25,2025-08-28 21:44
5,2025-08-26 13:19,2025-08-28 10:22,2025-08-27 23:30
1,2025-08-27 15:56,2025-08-28 10:06,2025-08-28 19:03
1,2025-08-27 17:22,2025-08-28 10:05,2025-08-28 12:01
1,2025-08-27 17:22,2025-08-28 10:04,2025-08-28 19:09
1,2025-08-22 07:58,2025-08-28 10:00,2025-08-28 13:54
1,2025-08-25 15:56,2025-08-28 09:59,2025-08-28 16:11
1,2025-08-25 17:11,2025-08-28 09:57,2025-08-28 16:06
4,2025-08-26 14:46,2025-08-28 09:53,2025-08-29 08:47
1,2025-08-25 16:30,2025-08-28 09:53,2025-08-28 07:59
5,2025-08-26 16:32,2025-08-28 09:53,2025-08-27 22:00
5,2025-08-27 15:53,2025-08-28 09:52,2025-08-28 07:49
1,2025-08-26 16:19,2025-08-28 09:45,2025-08-28 08:23
1,2025-08-27 16:26,2025-08-28 09:41,2025-08-28 07:26
4,2025-08-26 16:38,2025-08-28 09:37,2025-08-28 16:13
1,2025-08-26 14:35,2025-08-28 09:28,2025-08-28 11:43
1,2025-08-26 15:43,2025-08-28 09:27,2025-08-28 12:28
2,2025-08-26 02:49,2025-08-28 09:19,2025-08-28 02:03
4,2025-08-26 14:46,2025-08-28 08:54,2025-08-28 22:43
4,2025-08-25 10:27,2025-08-28 08:45,2025-08-29 07:19
4,2025-08-26 11:11,2025-08-28 08:44,2025-08-28 22:55
1,2025-08-27 17:22,2025-08-28 07:08,2025-08-29 03:47
2,2025-08-27 04:30,2025-08-28 03:21,2025-08-28 03:23
2,2025-08-26 04:13,2025-08-28 02:38,2025-08-27 23:09
5,2025-08-25 14:53,2025-08-27 23:50,2025-08-27 13:27
5,2025-08-25 14:49,2025-08-27 23:50,2025-08-27 22:33
5,2025-08-26 16:56,2025-08-27 23:20,2025-08-27 15:32
5,2025-08-26 17:07,2025-08-27 23:20,2025-08-27 23:20
1,2025-08-25 15:05,2025-08-27 16:25,2025-08-28 05:48
4,2025-08-26 15:12,2025-08-27 15:49,2025-08-28 18:04
9,2025-08-22 14:56,2025-08-27 15:46,2025-08-27 10:42
5,2025-08-25 14:42,2025-08-27 15:45,2025-08-28 03:13
1,2025-08-25 15:56,2025-08-27 15:39,2025-08-27 15:07
4,2025-08-25 15:16,2025-08-27 15:10,2025-08-28 07:18
1,2025-08-25 15:56,2025-08-27 15:01,2025-08-27 15:01
1,2025-08-25 15:56,2025-08-27 14:57,2025-08-27 19:07
1,2025-08-25 16:21,2025-08-27 14:31,2025-08-27 10:32
5,2025-08-21 13:38,2025-08-27 14:30,2025-08-27 05:35
9,2025-08-22 12:08,2025-08-27 14:30,2025-08-27 06:43
1,2025-08-25 15:56,2025-08-27 14:28,2025-08-27 21:34
1,2025-08-26 14:35,2025-08-27 14:25,2025-08-27 23:41
1,2025-08-26 08:05,2025-08-27 14:14,2025-08-28 08:39
4,2025-08-26 15:12,2025-08-27 14:11,2025-08-27 22:54
4,2025-08-25 15:18,2025-08-27 14:09,2025-08-27 18:33
1,2025-08-25 15:56,2025-08-27 14:04,2025-08-27 18:55
1,2025-08-22 15:37,2025-08-27 14:03,2025-08-27 22:59
1,2025-08-25 16:30,2025-08-27 13:52,2025-08-27 09:30
1,2025-08-25 17:10,2025-08-27 13:52,2025-08-28 14:21
5,2025-08-26 17:03,2025-08-27 13:43,2025-08-27 12:13
4,2025-08-26 15:15,2025-08-27 13:38,2025-08-28 02:49
1,2025-08-25 16:30,2025-08-27 13:32,2025-08-27 23:07
1,2025-08-25 15:56,2025-08-27 13:31,2025-08-27 06:37
1,2025-08-25 07:48,2025-08-27 13:26,2025-08-27 10:04
4,2025-08-26 11:02,2025-08-27 13:15,2025-08-28 05:50
5,2025-08-04 16:11,2025-08-27 13:10:49,2025-08-27 13:54
5,2025-08-26 16:44,2025-08-27 13:08,2025-08-27 16:23
4,2025-08-25 15:16,2025-08-27 12:55,2025-08-28 07:37
4,2025-08-26 11:02,2025-08-27 12:43,2025-08-28 14:06
4,2025-08-25 09:03,2025-08-27 12:42,2025-08-27 15:30
4,2025-08-25 10:27,2025-08-27 12:40,2025-08-27 18:25
1,2025-08-22 16:08,2025-08-27 12:34,2025-08-27 10:39
1,2025-08-26 14:35,2025-08-27 12:23,2025-08-28 02:22
1,2025-08-25 15:56,2025-08-27 12:14,2025-08-26 23:33
1,2025-08-25 17:09,2025-08-27 12:11,2025-08-27 00:20
1,2025-08-25 15:56,2025-08-27 12:11,2025-08-27 15:24
2,2025-08-25 07:08,2025-08-27 12:09,2025-08-27 19:44
1,2025-08-25 15:56,2025-08-27 12:09,2025-08-28 00:13
1,2025-08-25 15:56,2025-08-27 12:09,2025-08-27 13:26
1,2025-08-25 15:56,2025-08-27 12:09,2025-08-28 00:37
1,2025-08-25 00:00,2025-08-27 12:03,2025-08-27 17:08
1,2025-08-22 15:32,2025-08-27 12:00,2025-08-27 07:39
4,2025-08-25 15:16,2025-08-27 11:52,2025-08-28 14:55
4,2025-08-25 15:18,2025-08-27 11:51,2025-08-27 09:24
1,2025-08-25 16:21,2025-08-27 11:49,2025-08-27 03:27
1,2025-08-25 16:21,2025-08-27 11:47,2025-08-28 02:58
2,2025-08-26 04:14,2025-08-27 11:47,2025-08-27 23:39
4,2025-08-26 11:02,2025-08-27 11:46,2025-08-28 04:32
4,2025-08-26 14:55,2025-08-27 11:41,2025-08-28 10:44
4,2025-08-22 15:24,2025-08-27 11:34,2025-08-28 04:10
5,2025-08-26 13:15,2025-08-27 11:32,2025-08-28 09:12
1,2025-08-25 16:30,2025-08-27 11:28,2025-08-27 18:11
1,2025-08-25 17:10,2025-08-27 11:27,2025-08-27 01:06
1,2025-08-26 17:14,2025-08-27 11:20,2025-08-28 01:30
5,2025-08-26 16:42,2025-08-27 11:19,2025-08-27 13:36
1,2025-08-22 15:01,2025-08-27 11:16,2025-08-28 04:34
4,2025-08-25 15:16,2025-08-27 11:12,2025-08-27 20:14
1,2025-08-25 17:09,2025-08-27 11:09,2025-08-27 17:50
1,2025-08-25 10:00,2025-08-27 11:08,2025-08-26 23:37
1,2025-08-26 14:35,2025-08-27 11:05,2025-08-27 14:08
2,2025-08-25 03:46,2025-08-27 11:02,2025-08-27 14:09
5,2025-08-26 13:52,2025-08-27 10:68,2025-08-27 06:30
4,2025-08-26 11:02,2025-08-27 10:57,2025-08-28 05:36
1,2025-08-25 17:10,2025-08-27 10:52,2025-08-28 02:55
4,2025-08-26 14:58,2025-08-27 10:51,2025-08-27 22:42
4,2025-08-25 10:27,2025-08-27 10:47,2025-08-28 02:39
4,2025-08-25 15:18,2025-08-27 10:47,2025-08-27 23:47
4,2025-08-26 11:11,2025-08-27 10:46,2025-08-27 22:00
4,2025-08-25 15:18,2025-08-27 10:46,2025-08-28 05:27
4,2025-08-22 14:02,2025-08-27 10:40,2025-08-27 21:31
1,2025-08-25 16:30,2025-08-27 10:40,2025-08-27 00:52
4,2025-08-25 09:03,2025-08-27 10:38,2025-08-28 10:20
1,2025-08-25 15:56,2025-08-27 10:32,2025-08-27 00:44
4,2025-08-26 14:55,2025-08-27 10:31,2025-08-28 02:57
1,2025-08-25 16:21,2025-08-27 10:30,2025-08-27 21:44
1,2025-08-22 15:37,2025-08-27 10:27,2025-08-26 18:51
4,2025-08-25 09:03,2025-08-27 10:22,2025-08-27 23:27
1,2025-08-22 15:32,2025-08-27 10:18,2025-08-27 03:35
2,2025-08-26 04:13,2025-08-27 10:18,2025-08-27 03:25
4,2025-08-25 09:03,2025-08-27 10:17,2025-08-28 14:48
2,2025-08-20 05:48,2025-08-27 10:06,2025-08-27 09:05
1,2025-08-25 16:30,2025-08-27 10:04,2025-08-27 19:16
1,2025-08-22 15:37,2025-08-27 09:59,2025-08-28 02:03
1,2025-08-22 15:32,2025-08-27 09:50,2025-08-28 05:30
4,2025-08-25 10:27,2025-08-27 09:47,2025-08-27 23:19
5,2025-08-25 14:50,2025-08-27 09:41,2025-08-27 04:43
1,2025-08-22 15:32,2025-08-27 09:40,2025-08-27 11:11
2,2025-08-25 07:08,2025-08-27 09:40,2025-08-27 12:14
5,2025-08-21 13:12,2025-08-27 09:28,2025-08-27 16:10
1,2025-08-26 15:43,2025-08-27 09:22,2025-08-27 22:27
9,2025-08-25 12:13,2025-08-27 09:20,2025-08-27 00:47
4,2025-08-25 09:03,2025-08-27 09:09,2025-08-28 08:13
1,2025-08-25 15:56,2025-08-27 09:07,2025-08-27 15:37
1,2025-08-25 15:56,2025-08-27 09:07,2025-08-27 14:06
1,2025-08-22 15:32,2025-08-27 09:01,2025-08-27 21:20
1,2025-08-25 16:30,2025-08-27 09:00,2025-08-27 15:44
1,2025-08-26 16:19,2025-08-27 08:55,2025-08-27 20:06
4,2025-08-26 15:12,2025-08-27 08:51,2025-08-27 23:17
9,2025-08-25 12:13,2025-08-27 08:24,2025-08-26 14:56
1,2025-08-22 15:41,2025-08-27 07:47,2025-08-27 11:05
4,2025-08-25 10:27,2025-08-27 07:12,2025-08-27 17:38
4,2025-08-22 14:01,2025-08-27 05:50,2025-08-28 10:06
2,2025-08-26 02:49,2025-08-27 04:28,2025-08-27 07:38
2,2025-08-26 08:52,2025-08-27 02:38,2025-08-27 00:18
2,2025-08-26 02:49,2025-08-27 02:14,2025-08-26 20:50
2,2025-08-19 03:55,2025-08-27 01:49,2025-08-27 15:14
5,2025-08-25 14:45,2025-08-26 23:40,2025-08-26 22:19
5,2025-08-25 16:39,2025-08-26 23:40,2025-08-26 13:31
5,2025-08-25 14:49,2025-08-26 23:40,2025-08-27 01:10
5,2025-08-25 14:44,2025-08-26 23:38,2025-08-27 00:25
9,2025-08-19 12:52,2025-08-26 17:04,2025-08-26 00:04
4,2025-08-25 10:27,2025-08-26 16:58,2025-08-27 05:17
9,2025-08-20 16:08,2025-08-26 16:38,2025-08-25 21:45
9,2025-08-18 12:29,2025-08-26 16:36,2025-08-26 02:47
9,2025-08-20 12:28,2025-08-26 16:16,2025-08-26 01:47
1,2025-08-22 15:32,2025-08-26 16:04,2025-08-27 03:26
4,2025-08-22 15:24,2025-08-26 15:33,2025-08-27 07:22
9,2025-08-22 14:56,2025-08-26 15:33,2025-08-25 15:49
5,2025-08-22 14:59,2025-08-26 15:33,2025-08-26 17:15
5,2025-08-25 14:56,2025-08-26 15:18,2025-08-26 16:42
1,2025-08-22 15:32,2025-08-26 15:05,2025-08-27 00:00
1,2025-08-25 16:30,2025-08-26 14:55,2025-08-26 13:06
1,2025-08-22 15:41,2025-08-26 14:52,2025-08-27 02:50
4,2025-08-22 15:28,2025-08-26 14:37,2025-08-26 21:22
9,2025-08-22 12:08,2025-08-26 14:19,2025-08-26 08:59
4,2025-08-25 09:03,2025-08-26 14:12,2025-08-27 13:29
9,2025-08-22 14:56,2025-08-26 14:06,2025-08-25 23:10
1,2025-08-25 16:30,2025-08-26 14:05,2025-08-26 17:47
9,2025-08-20 12:28,2025-08-26 14:03,2025-08-25 22:21
9,2025-08-22 12:08,2025-08-26 13:56,2025-08-25 15:48
1,2025-08-22 15:32,2025-08-26 13:51,2025-08-26 22:06
4,2025-08-25 09:03,2025-08-26 13:51,2025-08-27 00:31
9,2025-08-22 14:56,2025-08-26 13:50,2025-08-26 08:16
4,2025-08-22 14:22,2025-08-26 13:37,2025-08-26 17:26
9,2025-08-25 12:13,2025-08-26 13:28,2025-08-26 00:13
5,2025-08-21 17:59,2025-08-26 13:27,2025-08-26 08:56
4,2025-08-22 11:06,2025-08-26 13:22,2025-08-27 02:11
1,2025-08-22 15:01,2025-08-26 13:19,2025-08-27 00:42
4,2025-08-22 14:10,2025-08-26 13:15,2025-08-27 06:23
1,2025-08-25 16:21,2025-08-26 13:03,2025-08-26 13:38
1,2025-08-25 16:30,2025-08-26 13:01,2025-08-26 17:58
1,2025-08-22 15:32,2025-08-26 12:59,2025-08-26 16:44
1,2025-08-22 15:32,2025-08-26 12:55,2025-08-27 05:08
4,2025-08-22 11:06,2025-08-26 12:55,2025-08-27 01:47
5,2025-08-22 14:55,2025-08-26 12:54,2025-08-26 18:42
4,2025-08-22 11:05,2025-08-26 12:53,2025-08-27 12:23
1,2025-08-22 15:41,2025-08-26 12:53,2025-08-26 18:58
1,2025-08-25 16:21,2025-08-26 12:53,2025-08-27 09:16
2,2025-08-25 01:41,2025-08-26 12:48,2025-08-26 06:55
1,2025-08-22 15:01,2025-08-26 12:46,2025-08-26 10:24
1,2025-08-22 16:07,2025-08-26 12:27,2025-08-26 17:41
4,2025-08-21 13:35,2025-08-26 12:26,2025-08-27 11:10
1,2025-08-22 07:57,2025-08-26 12:26,2025-08-27 01:10
4,2025-08-15 13:03,2025-08-26 12:25,2025-08-27 04:05
1,2025-08-22 15:01,2025-08-26 12:22,2025-08-27 13:31
1,2025-08-25 16:30,2025-08-26 12:16,2025-08-26 15:33
4,2025-08-22 15:28,2025-08-26 12:08,2025-08-26 20:57
1,2025-08-22 07:59,2025-08-26 12:05,2025-08-26 19:30
1,2025-08-22 15:32,2025-08-26 12:04,2025-08-26 21:01
9,2025-08-25 15:06,2025-08-26 11:56,2025-08-26 03:06
1,2025-08-21 16:08,2025-08-26 11:55,2025-08-26 13:46
2,2025-08-25 07:08,2025-08-26 11:46,2025-08-26 02:34
4,2025-08-22 15:24,2025-08-26 11:42,2025-08-27 01:56
2,2025-08-22 02:42,2025-08-26 11:27,2025-08-26 17:14
4,2025-08-21 13:35,2025-08-26 11:27,2025-08-27 05:43
2,2025-08-22 02:42,2025-08-26 11:26,2025-08-26 09:54
1,2025-08-22 15:32,2025-08-26 11:25,2025-08-26 03:08
1,2025-08-25 15:56,2025-08-26 11:23,2025-08-26 18:52
9,2025-08-25 12:13,2025-08-26 11:18,2025-08-26 06:56
4,2025-08-25 15:18,2025-08-26 11:17,2025-08-27 08:59
1,2025-08-22 15:01,2025-08-26 11:10,2025-08-27 09:34
1,2025-08-22 16:06,2025-08-26 11:09,2025-08-26 13:10
9,2025-08-20 12:28,2025-08-26 11:06,2025-08-26 09:20
5,2025-08-25 16:40,2025-08-26 11:04,2025-08-26 21:25
1,2025-08-22 16:05,2025-08-26 11:03,2025-08-27 08:26
1,2025-08-21 16:08,2025-08-26 10:58,2025-08-27 01:09
1,2025-08-22 16:09,2025-08-26 10:53,2025-08-26 10:54
2,2025-08-25 01:41,2025-08-26 10:51,2025-08-26 21:51
1,2025-08-22 16:09,2025-08-26 10:50,2025-08-27 06:19
4,2025-08-22 13:46,2025-08-26 10:49,2025-08-26 23:43
2,2025-08-25 03:46,2025-08-26 10:43,2025-08-26 13:34
1,2025-08-25 17:09,2025-08-26 10:40,2025-08-26 11:50
4,2025-08-25 10:30,2025-08-26 10:39,2025-08-26 18:49
1,2025-08-22 15:30,2025-08-26 10:37,2025-08-26 15:29
1,2025-08-21 14:56,2025-08-26 10:36,2025-08-27 02:18
1,2025-08-22 07:58,2025-08-26 10:32,2025-08-26 16:22
9,2025-08-22 14:56,2025-08-26 10:27,2025-08-25 17:02
1,2025-08-22 16:10,2025-08-26 10:27,2025-08-26 20:08
1,2025-08-21 11:18,2025-08-26 10:17,2025-08-27 03:09
4,2025-08-22 11:05,2025-08-26 10:13,2025-08-26 15:21
1,2025-08-25 16:21,2025-08-26 10:12,2025-08-26 18:29
1,2025-08-21 08:29,2025-08-26 10:08,2025-08-26 18:22
1,2025-08-25 16:21,2025-08-26 10:05,2025-08-26 14:44
1,2025-08-22 16:07,2025-08-26 09:56,2025-08-26 06:04
2,2025-08-22 02:42,2025-08-26 09:47,2025-08-26 07:34
4,2025-08-22 11:06,2025-08-26 09:42,2025-08-27 02:53
1,2025-08-22 15:30,2025-08-26 09:36,2025-08-26 08:40
1,2025-08-21 16:08,2025-08-26 09:33,2025-08-25 20:18
1,2025-08-21 16:08,2025-08-26 09:30,2025-08-26 02:38
1,2025-08-20 08:24,2025-08-26 09:25,2025-08-26 08:33
1,2025-08-19 07:22,2025-08-26 09:25,2025-08-26 23:38
1,2025-08-20 17:20,2025-08-26 09:25,2025-08-25 06:41
4,2025-08-25 09:03,2025-08-26 09:18,2025-08-27 09:46
9,2025-08-22 12:08,2025-08-26 09:16,2025-08-25 23:11
1,2025-08-22 15:01,2025-08-26 09:14,2025-08-26 19:54
1,2025-08-22 15:41,2025-08-26 08:35,2025-08-25 23:43
1,2025-08-22 15:41,2025-08-26 08:12,2025-08-26 09:28
4,2025-08-22 15:28,2025-08-26 07:51,2025-08-27 10:14
1,2025-08-22 15:01,2025-08-26 07:35,2025-08-26 10:08
1,2025-08-25 16:21,2025-08-26 07:09,2025-08-26 07:21
2,2025-08-22 02:42,2025-08-26 01:57,2025-08-26 04:37
2,2025-08-25 01:41,2025-08-26 01:28,2025-08-26 11:42
2,2025-08-25 03:46,2025-08-26 01:06,2025-08-26 07:11
2,2025-08-18 12:38,2025-08-26,2025-08-26 03:40
5,2025-08-22 14:31,2025-08-25 18:32,2025-08-25 18:20
9,2025-08-19 12:52,2025-08-25 16:29,2025-08-25 07:39
4,2025-08-21 15:48,2025-08-25 16:05,2025-08-26 00:18
1,2025-08-21 16:08,2025-08-25 16:05,2025-08-26 04:51
9,2025-07-18 11:27,2025-08-25 15:44:38,2025-08-25 17:05
1,2025-08-21 16:08,2025-08-25 15:41,2025-08-26 02:41
1,2025-08-22 15:32,2025-08-25 15:08,2025-08-25 08:36
1,2025-08-21 16:08,2025-08-25 14:59,2025-08-26 00:35
1,2025-08-20 16:07,2025-08-25 14:50,2025-08-24 23:58
9,2025-08-19 12:52,2025-08-25 14:48,2025-08-24 21:28
1,2025-08-22 15:32,2025-08-25 14:36,2025-08-26 05:10
5,2025-08-22 14:39,2025-08-25 14:34,2025-08-25 21:34
1,2025-08-20 16:07,2025-08-25 14:29,2025-08-25 17:14
9,2025-08-19 12:52,2025-08-25 14:20,2025-08-25 11:01
9,2025-08-20 12:28,2025-08-25 14:20,2025-08-24 05:11
1,2025-08-21 15:05,2025-08-25 14:10,2025-08-26 03:17
1,2025-08-22 15:32,2025-08-25 14:08,2025-08-25 13:12
4,2025-08-20 14:50,2025-08-25 13:58,2025-08-25 16:06
1,2025-08-21 16:08,2025-08-25 13:58,2025-08-25 19:41
1,2025-08-21 15:05,2025-08-25 13:42,2025-08-26 02:51
1,2025-08-21 15:05,2025-08-25 13:38,2025-08-25 20:43
9,2025-08-22 12:08,2025-08-25 13:31,2025-08-24 21:16
1,2025-08-20 16:07,2025-08-25 13:29,2025-08-25 10:55
4,2025-08-20 14:06,2025-08-25 13:28,2025-08-26 03:23
5,2025-08-21 18:02,2025-08-25 13:19,2025-08-26 01:04
1,2025-08-22 15:01,2025-08-25 13:19,2025-08-25 17:45
5,2025-08-22 15:51,2025-08-25 13:16,2025-08-25 18:55
1,2025-08-21 16:08,2025-08-25 13:16,2025-08-26 12:24
1,2025-08-21 16:08,2025-08-25 13:14,2025-08-25 23:53
9,2025-08-21 13:07,2025-08-25 12:58,2025-08-25 11:47
1,2025-08-21 16:08,2025-08-25 12:57,2025-08-25 12:49
4,2025-08-22 15:28,2025-08-25 12:56,2025-08-25 11:00
4,2025-08-22 14:23,2025-08-25 12:48,2025-08-25 11:35
2,2025-08-21 02:45,2025-08-25 12:43,2025-08-25 17:31
1,2025-08-22 15:01,2025-08-25 12:40,2025-08-25 21:23
4,2025-08-21 13:38,2025-08-25 12:39,2025-08-25 21:15
4,2025-08-20 17:15,2025-08-25 12:37,2025-08-25 18:06
1,2025-08-21 16:08,2025-08-25 12:32,2025-08-25 20:51
4,2025-08-21 13:35,2025-08-25 12:30,2025-08-26 04:05
1,2025-08-21 00:00,2025-08-25 12:27,2025-08-24 22:42
1,2025-08-21 16:08,2025-08-25 12:26,2025-08-25 18:08
4,2025-08-21 10:29,2025-08-25 12:22,2025-08-26 06:50
9,2025-08-21 13:07,2025-08-25 12:21,2025-08-24 22:08
1,2025-08-19 00:00,2025-08-25 12:19,2025-08-25 12:14
1,2025-08-20 16:07,2025-08-25 12:19,2025-08-26 01:41
9,2025-08-21 13:07,2025-08-25 12:15,2025-08-25 01:08
1,2025-08-22 15:32,2025-08-25 12:12,2025-08-26 02:47
1,2025-08-21 16:08,2025-08-25 12:10,2025-08-25 19:18
1,2025-08-19 00:00,2025-08-25 12:10,2025-08-25 01:12
5,2025-08-21 18:00,2025-08-25 12:07,2025-08-25 05:53
1,2025-08-21 16:08,2025-08-25 12:04,2025-08-25 17:38
1,2025-08-21 08:29,2025-08-25 12:00,2025-08-26 00:38
4,2025-08-21 13:35,2025-08-25 11:56,2025-08-26 04:56
1,2025-08-21 16:08,2025-08-25 11:54,2025-08-25 07:52
1,2025-08-21 16:08,2025-08-25 11:51,2025-08-25 21:22
1,2025-08-22 15:32,2025-08-25 11:51,2025-08-25 04:27
4,2025-08-21 15:48,2025-08-25 11:48,2025-08-26 13:44
1,2025-08-22 15:01,2025-08-25 11:48,2025-08-25 19:02
1,2025-08-19 16:38,2025-08-25 11:47,2025-08-25 01:56
1,2025-08-22 15:32,2025-08-25 11:46,2025-08-26 09:25
1,2025-08-21 15:05,2025-08-25 11:43,2025-08-25 06:32
5,2025-08-21 13:49,2025-08-25 11:32,2025-08-26 03:05
5,2025-08-21 17:34,2025-08-25 11:32,2025-08-25 12:17
1,2025-08-21 16:08,2025-08-25 11:27,2025-08-25 17:41
4,2025-08-22 14:24,2025-08-25 11:25,2025-08-25 18:53
5,2025-08-21 13:36,2025-08-25 11:25,2025-08-26 13:54
1,2025-08-20 16:07,2025-08-25 11:23,2025-08-26 08:17
1,2025-08-20 08:24,2025-08-25 11:21,2025-08-25 20:54
4,2025-08-21 13:35,2025-08-25 11:21,2025-08-26 01:26
1,2025-08-22 15:37,2025-08-25 11:21,2025-08-25 23:39
1,2025-08-20 16:07,2025-08-25 11:16,2025-08-25 17:55
1,2025-08-22 15:32,2025-08-25 11:16,2025-08-26 02:01
1,2025-08-21 16:08,2025-08-25 11:14,2025-08-25 19:24
1,2025-08-20 16:57,2025-08-25 11:13,2025-08-25 23:07
5,2025-08-21 19:28,2025-08-25 11:12,2025-08-25 09:09
1,2025-08-21 16:08,2025-08-25 11:11,2025-08-25 11:05
1,2025-08-21 15:05,2025-08-25 11:11,2025-08-25 03:56
1,2025-08-22 15:41,2025-08-25 11:10,2025-08-25 21:28
4,2025-08-21 10:29,2025-08-25 11:08,2025-08-26 04:12
4,2025-08-20 14:06,2025-08-25 11:06,2025-08-26 01:05
1,2025-08-22 15:32,2025-08-25 11:05,2025-08-25 18:21
4,2025-08-22 11:06,2025-08-25 11:05,2025-08-26 01:55
1,2025-08-20 16:00,2025-08-25 11:05,2025-08-26 05:00
4,2025-08-21 13:35,2025-08-25 11:01,2025-08-25 22:17
4,2025-08-21 10:30,2025-08-25 10:58,2025-08-26 09:03
9,2025-08-20 12:28,2025-08-25 10:56,2025-08-25 05:46
4,2025-08-21 15:48,2025-08-25 10:53,2025-08-26 14:37
4,2025-08-21 13:35,2025-08-25 10:53,2025-08-25 15:31
5,2025-08-21 13:47,2025-08-25 10:49,2025-08-25 11:59
1,2025-08-21 16:08,2025-08-25 10:46,2025-08-25 05:54
5,2025-08-22 14:44,2025-08-25 10:43,2025-08-25 08:25
5,2025-08-22 15:45,2025-08-25 10:43,2025-08-26 01:01
1,2025-08-21 16:08,2025-08-25 10:41,2025-08-26 00:35
1,2025-08-20 17:47,2025-08-25 10:39,2025-08-25 09:05
1,2025-08-21 16:08,2025-08-25 10:39,2025-08-25 21:52
4,2025-08-21 10:29,2025-08-25 10:36,2025-08-26 10:09
1,2025-08-21 14:57,2025-08-25 10:36,2025-08-25 16:54
5,2025-08-20 16:14,2025-08-25 10:35,2025-08-25 12:04
1,2025-08-20 17:47,2025-08-25 10:35,2025-08-25 23:52
1,2025-08-21 08:30,2025-08-25 10:30,2025-08-25 18:02
1,2025-08-21 00:00,2025-08-25 10:29,2025-08-25 19:18
1,2025-08-19 00:00,2025-08-25 10:23,2025-08-26 12:56
2,2025-08-21 02:45,2025-08-25 10:21,2025-08-25 06:07
1,2025-08-22 15:01,2025-08-25 10:19,2025-08-25 21:55
1,2025-08-21 16:08,2025-08-25 10:14,2025-08-25 04:04
4,2025-08-20 15:10,2025-08-25 10:14,2025-08-26 10:17
1,2025-08-21 15:05,2025-08-25 10:13,2025-08-26 04:17
5,2025-08-22 14:46,2025-08-25 10:10,2025-08-25 00:11
1,2025-08-21 15:05,2025-08-25 10:10,2025-08-26 04:16
1,2025-08-21 15:05,2025-08-25 10:09,2025-08-25 20:17
1,2025-08-22 15:41,2025-08-25 10:07,2025-08-25 09:53
4,2025-08-21 10:29,2025-08-25 10:05,2025-08-26 03:15
4,2025-08-21 13:35,2025-08-25 10:01,2025-08-26 14:19
4,2025-08-21 15:52,2025-08-25 09:59,2025-08-25 22:48
1,2025-08-21 16:08,2025-08-25 09:57,2025-08-25 16:22
1,2025-08-19 14:37,2025-08-25 09:57,2025-08-25 03:57
1,2025-08-21 11:18,2025-08-25 09:57,2025-08-25 09:48
1,2025-08-19 16:38,2025-08-25 09:56,2025-08-24 13:13
4,2025-08-22 15:28,2025-08-25 09:56,2025-08-26 14:09
1,2025-08-22 15:32,2025-08-25 09:54,2025-08-25 14:52
4,2025-08-21 10:29,2025-08-25 09:52,2025-08-26 09:13
1,2025-08-20 16:57,2025-08-25 09:51,2025-08-25 04:57
5,2025-08-22 15:48,2025-08-25 09:51,2025-08-25 02:56
1,2025-08-20 00:00,2025-08-25 09:48,2025-08-25 08:15
1,2025-08-20 17:20,2025-08-25 09:43,2025-08-25 21:02
1,2025-08-19 16:18,2025-08-25 09:41,2025-08-25 20:44
1,2025-08-21 16:08,2025-08-25 09:41,2025-08-26 07:31
1,2025-08-21 16:08,2025-08-25 09:40,2025-08-25 00:06
1,2025-08-19 16:18,2025-08-25 09:35,2025-08-25 10:06
1,2025-08-22 15:41,2025-08-25 09:34,2025-08-25 16:33
1,2025-08-21 08:29,2025-08-25 09:32,2025-08-25 06:29
1,2025-08-21 16:08,2025-08-25 09:30,2025-08-25 07:59
4,2025-08-22 11:06,2025-08-25 09:19,2025-08-25 15:31
1,2025-08-21 15:05,2025-08-25 09:19,2025-08-26 03:45
9,2025-08-21 15:30,2025-08-25 09:15,2025-08-25 02:02
1,2025-08-22 15:41,2025-08-25 09:03,2025-08-25 12:12
1,2025-08-21 15:05,2025-08-25 09:01,2025-08-25 10:49
1,2025-08-21 15:05,2025-08-25 08:57,2025-08-25 05:42
4,2025-08-21 10:29,2025-08-25 08:47,2025-08-26 07:39
1,2025-08-20 08:24,2025-08-25 08:46,2025-08-25 12:29
1,2025-08-20 17:19,2025-08-25 08:40,2025-08-24 18:56
1,2025-08-22 15:41,2025-08-25 08:39,2025-08-25 07:38
5,2025-08-08 08:28,2025-08-25 08:37,2025-08-25 01:18
2,2025-08-21 02:45,2025-08-25 08:36,2025-08-25 08:45
1,2025-08-20 17:40,2025-08-25 08:23,2025-08-25 06:44
1,2025-08-21 16:24,2025-08-25 08:05,2025-08-24 21:43
1,2025-08-21 15:05,2025-08-25 08:05,2025-08-25 11:59
1,2025-08-21 15:05,2025-08-25 08:05,2025-08-25 02:36
1,2025-08-22 15:41,2025-08-25 07:39,2025-08-25 19:48
4,2025-08-21 15:48,2025-08-25 07:36,2025-08-25 17:02
1,2025-08-22 15:32,2025-08-25 07:29,2025-08-25 04:41
4,2025-08-19 10:02,2025-08-25 07:14,2025-08-26 03:57
2,2025-08-22 02:42,2025-08-25 04:07,2025-08-24 18:53
5,2025-08-19 14:14,2025-08-25   :,2025-08-25 05:40
1,2025-08-20 16:07,2025-08-23 11:34,2025-08-23 23:07
5,2025-08-21 13:33,2025-08-22 23:50,2025-08-22 23:50
5,2025-08-21 17:28,2025-08-22 23:50,2025-08-22 07:36
9,2025-08-19 13:02,2025-08-22 17:55,2025-08-22 02:07
1,2025-08-20 12:57,2025-08-22 17:14,2025-08-22 14:10
9,2025-08-19 13:02,2025-08-22 17:03,2025-08-22 09:59
9,2025-08-19 13:02,2025-08-22 16:55,2025-08-22 03:03
1,2025-08-20 08:23,2025-08-22 16:44,2025-08-23 07:24
1,2025-08-20 17:40,2025-08-22 16:34,2025-08-23 02:09
1,2025-08-18 16:55,2025-08-22 16:17,2025-08-22 14:03
5,2025-08-20 18:12,2025-08-22 15:50,2025-08-22 16:09
1,2025-08-20 16:07,2025-08-22 15:49,2025-08-22 08:25
1,2025-08-20 17:47,2025-08-22 15:49,2025-08-22 22:19
1,2025-08-20 16:07,2025-08-22 15:42,2025-08-22 22:09
1,2025-08-21 15:05,2025-08-22 15:32,2025-08-22 09:36
1,2025-08-20 00:00,2025-08-22 15:25,2025-08-23 01:39
1,2025-08-20 08:24,2025-08-22 15:21,2025-08-23 08:54
5,2025-08-21 13:39,2025-08-22 15:18,2025-08-22 04:22
9,2025-08-18 17:03,2025-08-22 15:07,2025-08-21 22:26
1,2025-08-20 16:07,2025-08-22 14:57,2025-08-23 13:56
5,2025-08-21 13:40,2025-08-22 14:41,2025-08-22 14:18
9,2025-08-18 13:44,2025-08-22 14:17,2025-08-22 04:28
1,2025-08-18 00:00,2025-08-22 14:00,2025-08-22 04:08
9,2025-08-18 13:44,2025-08-22 13:59,2025-08-22 06:54
4,2025-08-21 10:29,2025-08-22 13:57,2025-08-23 09:13
4,2025-08-20 14:06,2025-08-22 13:44,2025-08-23 11:46
1,2025-08-20 16:07,2025-08-22 13:39,2025-08-23 03:18
1,2025-08-20 16:07,2025-08-22 13:37,2025-08-23 00:18
4,2025-08-20 14:50,2025-08-22 13:36,2025-08-23 16:03
9,2025-08-18 12:29,2025-08-22 13:31,2025-08-22 08:58
5,2025-08-19 14:44,2025-08-22 13:28,2025-08-23 02:57
1,2025-08-20 16:07,2025-08-22 13:26,2025-08-23 06:48
4,2025-08-20 14:06,2025-08-22 13:25,2025-08-23 16:55
5,2025-08-20 18:05,2025-08-22 13:21,2025-08-22 17:43
4,2025-08-20 17:15,2025-08-22 13:20,2025-08-23 09:28
1,2025-08-20 16:07,2025-08-22 13:17,2025-08-23 04:23
1,2025-08-20 16:07,2025-08-22 13:16,2025-08-22 14:02
1,2025-08-18 16:56,2025-08-22 13:16,2025-08-22 18:28
1,2025-08-20 16:07,2025-08-22 13:08,2025-08-22 21:33
1,2025-08-20 16:07,2025-08-22 13:03,2025-08-22 21:44
9,2025-08-18 12:29,2025-08-22 13:02,2025-08-21 10:27
9,2025-08-20 16:08,2025-08-22 12:58,2025-08-21 21:45
9,2025-08-20 12:28,2025-08-22 12:58,2025-08-21 19:46
4,2025-08-21 10:29,2025-08-22 12:54,2025-08-24 01:01
2,2025-08-20 05:48,2025-08-22 12:53,2025-08-22 18:22
4,2025-08-21 10:29,2025-08-22 12:51,2025-08-23 21:29
4,2025-08-20 14:06,2025-08-22 12:51,2025-08-23 06:49
2,2025-08-20 04:18,2025-08-22 12:44,2025-08-22 09:35
4,2025-08-20 15:13,2025-08-22 12:43,2025-08-23 08:46
9,2025-08-18 17:03,2025-08-22 12:34,2025-08-21 19:00
9,2025-08-21 13:07,2025-08-22 12:34,2025-08-22 07:57
4,2025-08-20 14:46,2025-08-22 12:30,2025-08-22 22:03
1,2025-08-21 16:08,2025-08-22 12:29,2025-08-23 06:20
1,2025-08-20 17:20,2025-08-22 12:19,2025-08-22 19:18
4,2025-08-20 15:13,2025-08-22 12:19,2025-08-22 23:11
1,2025-08-20 16:07,2025-08-22 12:18,2025-08-22 12:35
1,2025-08-19 16:38,2025-08-22 12:12,2025-08-22 18:04
9,2025-08-20 16:08,2025-08-22 12:09,2025-08-21 06:39
4,2025-08-20 14:06,2025-08-22 12:07,2025-08-23 05:59
1,2025-08-21 15:05,2025-08-22 12:06,2025-08-22 20:41
1,2025-08-20 00:00,2025-08-22 12:05,2025-08-23 16:03
1,2025-08-19 00:00,2025-08-22 12:05,2025-08-22 02:01
1,2025-08-19 07:22,2025-08-22 12:04,2025-08-22 19:57
4,2025-08-20 14:46,2025-08-22 11:59,2025-08-23 12:15
2,2025-08-21 06:03,2025-08-22 11:58,2025-08-22 00:52
1,2025-08-20 00:00,2025-08-22 11:55,2025-08-22 06:20
1,2025-08-21 16:08,2025-08-22 11:54,2025-08-22 15:47
1,2025-08-21 16:08,2025-08-22 11:54,2025-08-23 04:45
1,2025-08-20 16:07,2025-08-22 11:53,2025-08-22 13:09
4,2025-08-20 15:10,2025-08-22 11:53,2025-08-23 07:30
5,2025-08-21 13:54,2025-08-22 11:47,2025-08-22 21:37
1,2025-08-20 00:00,2025-08-22 11:44,2025-08-22 07:46
4,2025-08-21 13:35,2025-08-22 11:44,2025-08-23 20:02
1,2025-08-20 00:00,2025-08-22 11:42,2025-08-22 11:44
1,2025-08-19 16:38,2025-08-22 11:39,2025-08-22 12:35
1,2025-08-20 17:40,2025-08-22 11:39,2025-08-21 23:13
1,2025-08-21 15:05,2025-08-22 11:35,2025-08-22 13:39
4,2025-08-20 15:10,2025-08-22 11:34,2025-08-23 19:15
4,2025-08-20 14:07,2025-08-22 11:34,2025-08-23 08:59
1,2025-08-20 16:07,2025-08-22 11:31,2025-08-22 15:46
1,2025-08-20 17:19,2025-08-22 11:29,2025-08-22 13:17
4,2025-08-20 17:17,2025-08-22 11:24,2025-08-22 17:33
2,2025-08-20 04:18,2025-08-22 11:20,2025-08-23 03:47
1,2025-08-20 17:40,2025-08-22 11:20,2025-08-22 18:54
1,2025-08-21 16:24,2025-08-22 11:20,2025-08-22 07:59
1,2025-08-20 16:57,2025-08-22 11:19,2025-08-22 03:08
4,2025-08-20 17:15,2025-08-22 11:19,2025-08-22 10:05
9,2025-08-20 12:28,2025-08-22 11:18,2025-08-22 01:22
2,2025-08-21 02:45,2025-08-22 11:17,2025-08-22 02:03
9,2025-08-21 13:07,2025-08-22 11:14,2025-08-22 01:07
1,2025-08-20 08:23,2025-08-22 11:09,2025-08-22 05:53
2,2025-08-20 05:47,2025-08-22 11:09,2025-08-22 05:04
9,2025-08-19 12:52,2025-08-22 11:09,2025-08-21 14:59
5,2025-08-21 13:32,2025-08-22 11:03,2025-08-22 17:41
1,2025-08-20 17:47,2025-08-22 11:03,2025-08-23 04:00
4,2025-08-20 15:10,2025-08-22 11:02,2025-08-22 17:10
2,2025-08-20 05:48,2025-08-22 11:02,2025-08-22 13:56
1,2025-08-18 00:00,2025-08-22 10:51,2025-08-22 15:53
5,2025-08-19 16:21,2025-08-22 10:50,2025-08-22 15:41
2,2025-08-21 02:45,2025-08-22 10:49,2025-08-22 14:07
1,2025-08-19 16:38,2025-08-22 10:49,2025-08-22 13:39
1,2025-08-20 16:07,2025-08-22 10:39,2025-08-23 00:02
1,2025-08-19 07:23,2025-08-22 10:39,2025-08-22 14:52
1,2025-08-20 17:47,2025-08-22 10:38,2025-08-22 13:21
1,2025-08-20 08:23,2025-08-22 10:30,2025-08-22 15:56
9,2025-08-21 13:07,2025-08-22 10:30,2025-08-22 03:32
1,2025-08-20 00:00,2025-08-22 10:29,2025-08-22 08:40
5,2025-08-20 18:11,2025-08-22 10:28,2025-08-21 18:44
1,2025-08-20 17:18,2025-08-22 10:27,2025-08-22 20:18
1,2025-07-09,2025-07-10,2025-07-10
1,2025-09-01,2025-09-05,2025-09-06
1,2025-08-13,2025-08-16,2025-08-16
1,2025-09-17,2025-09-18,2025-09-19
1,2025-08-11,2025-08-15,2025-08-15
1,2025-07-31,2025-08-05,2025-08-05
1,2025-08-07,2025-08-09,2025-08-10
1,2025-07-20,2025-07-24,2025-07-24
1,2025-07-15,2025-07-16,2025-07-16
1,2025-08-31,2025-09-02,2025-09-02
1,2025-08-31,2025-09-04,2025-09-04
1,2025-07-18,2025-07-21,2025-07-21
1,2025-09-12,2025-09-14,2025-09-14
1,2025-08-30,2025-08-31,2025-08-31
1,2025-09-03,2025-09-04,2025-09-05
1,2025-07-17,2025-07-18,2025-07-18
1,2025-09-14,2025-09-17,2025-09-18
1,2025-08-06,2025-08-09,2025-08-09
1,2025-09-11,2025-09-15,2025-09-15
1,2025-07-25,2025-07-29,2025-07-29
1,2025-09-03,2025-09-06,2025-09-07
1,2025-09-02,2025-09-04,2025-09-04
1,2025-08-11,2025-08-13,2025-08-13
1,2025-08-16,2025-08-17,2025-08-17
1,2025-09-07,2025-09-09,2025-09-09
1,2025-08-16,2025-08-20,2025-08-20
1,2025-09-03,2025-09-05,2025-09-05
1,2025-07-26,2025-07-30,2025-07-30
1,2025-09-18,2025-09-18,2025-09-19
1,2025-09-07,2025-09-11,2025-09-11
2,2025-07-24,2025-07-28,2025-07-28
2,2025-07-27,2025-07-29,2025-07-29
2,2025-09-13,2025-09-19,2025-09-19
2,2025-07-04,2025-07-07,2025-07-08
2,2025-07-26,2025-07-26,2025-07-27
2,2025-08-11,2025-08-12,2025-08-12
2,2025-07-04,2025-07-05,2025-07-05
2,2025-08-27,2025-08-28,2025-08-28
2,2025-07-13,2025-07-17,2025-07-17
2,2025-08-10,2025-08-11,2025-08-12
2,2025-08-10,2025-08-13,2025-08-13
2,2025-07-04,2025-07-05,2025-07-05
2,2025-08-30,2025-09-07,2025-09-07
2,2025-08-04,2025-08-05,2025-08-05
2,2025-08-05,2025-08-06,2025-08-06
2,2025-08-08,2025-08-12,2025-08-13
2,2025-07-22,2025-07-23,2025-07-23
2,2025-09-03,2025-09-04,2025-09-04
2,2025-07-12,2025-07-17,2025-07-17
2,2025-08-01,2025-08-01,2025-08-02
2,2025-08-13,2025-08-13,2025-08-14
2,2025-07-22,2025-07-29,2025-07-29
2,2025-09-09,2025-09-11,2025-09-11
2,2025-07-08,2025-07-13,2025-07-14
2,2025-09-13,2025-09-17,2025-09-17
2,2025-07-14,2025-07-16,2025-07-16
2,2025-08-07,2025-08-09,2025-08-09
2,2025-07-12,2025-07-15,2025-07-15
2,2025-08-05,2025-08-10,2025-08-10
2,2025-08-18,2025-08-21,2025-08-21
4,2025-08-12,2025-08-14,2025-08-15
4,2025-09-12,2025-09-13,2025-09-13
4,2025-08-25,2025-08-29,2025-08-29
4,2025-07-25,2025-07-28,2025-07-28
4,2025-08-25,2025-08-28,2025-08-29
4,2025-09-10,2025-09-12,2025-09-12
4,2025-09-04,2025-09-06,2025-09-06
4,2025-07-18,2025-07-20,2025-07-20
4,2025-07-15,2025-07-15,2025-07-16
4,2025-07-07,2025-07-07,2025-07-08
4,2025-07-22,2025-07-26,2025-07-26
4,2025-07-07,2025-07-10,2025-07-10
4,2025-09-04,2025-09-06,2025-09-06
4,2025-09-06,2025-09-08,2025-09-09
4,2025-08-07,2025-08-07,2025-08-08
4,2025-07-15,2025-07-17,2025-07-17
4,2025-08-12,2025-08-13,2025-08-13
4,2025-09-17,2025-09-18,2025-09-18
4,2025-07-20,2025-07-21,2025-07-21
4,2025-09-09,2025-09-10,2025-09-10
4,2025-08-01,2025-08-02,2025-08-02
4,2025-09-17,2025-09-19,2025-09-19
4,2025-08-06,2025-08-11,2025-08-11
4,2025-07-14,2025-07-15,2025-07-15
4,2025-07-23,2025-07-28,2025-07-28
4,2025-08-22,2025-08-24,2025-08-24
4,2025-09-12,2025-09-19,2025-09-19
4,2025-08-08,2025-08-11,2025-08-11
4,2025-08-19,2025-08-22,2025-08-22
4,2025-08-05,2025-08-07,2025-08-08
5,2025-08-12,2025-08-13,2025-08-13
5,2025-08-28,2025-08-29,2025-08-29
5,2025-08-11,2025-08-11,2025-08-12
5,2025-08-29,2025-09-01,2025-09-01
5,2025-07-11,2025-07-14,2025-07-14
5,2025-09-17,2025-09-17,2025-09-18
5,2025-08-11,2025-08-12,2025-08-12
5,2025-09-01,2025-09-03,2025-09-04
5,2025-07-21,2025-07-22,2025-07-22
5,2025-08-04,2025-08-04,2025-08-05
5,2025-07-23,2025-07-27,2025-07-27
5,2025-09-13,2025-09-14,2025-09-14
5,2025-07-31,2025-08-02,2025-08-03
5,2025-07-11,2025-07-13,2025-07-14
5,2025-08-29,2025-09-02,2025-09-02
5,2025-08-29,2025-08-30,2025-08-30
5,2025-07-21,2025-07-24,2025-07-24
5,2025-09-07,2025-09-08,2025-09-08
5,2025-08-31,2025-09-02,2025-09-02
5,2025-08-03,2025-08-03,2025-08-04
5,2025-08-12,2025-08-20,2025-08-20
5,2025-07-30,2025-07-31,2025-07-31
5,2025-07-11,2025-07-12,2025-07-13
5,2025-07-24,2025-07-28,2025-07-28
5,2025-08-07,2025-08-11,2025-08-11
5,2025-08-27,2025-08-30,2025-08-30
5,2025-08-13,2025-08-16,2025-08-17
5,2025-07-13,2025-07-16,2025-07-16
5,2025-07-20,2025-07-22,2025-07-22
5,2025-08-10,2025-08-11,2025-08-11
9,2025-07-21,2025-07-23,2025-07-24
9,2025-07-12,2025-07-15,2025-07-15
9,2025-07-12,2025-07-14,2025-07-14
9,2025-09-18,2025-09-24,2025-09-24
9,2025-08-02,2025-08-05,2025-08-05
9,2025-07-12,2025-07-13,2025-07-14
9,2025-07-17,2025-07-17,2025-07-18
9,2025-07-24,2025-07-28,2025-07-28
9,2025-09-17,2025-09-19,2025-09-19
9,2025-09-06,2025-09-11,2025-09-11
9,2025-09-06,2025-09-06,2025-09-07
9,2025-07-22,2025-07-25,2025-07-25
9,2025-08-13,2025-08-18,2025-08-18
9,2025-08-28,2025-08-29,2025-08-29
9,2025-09-13,2025-09-14,2025-09-15
9,2025-08-12,2025-08-15,2025-08-15
9,2025-09-14,2025-09-17,2025-09-17
9,2025-07-10,2025-07-13,2025-07-13
9,2025-07-31,2025-08-01,2025-08-01
9,2025-09-16,2025-09-16,2025-09-17
9,2025-09-09,2025-09-12,2025-09-12
9,2025-08-29,2025-08-31,2025-08-31
9,2025-08-22,2025-08-25,2025-08-25
9,2025-08-29,2025-08-30,2025-08-30
9,2025-08-26,2025-08-27,2025-08-27
9,2025-09-08,2025-09-14,2025-09-14
9,2025-08-07,2025-08-14,2025-08-14
9,2025-07-04,2025-07-10,2025-07-10
9,2025-08-21,2025-08-25,2025-08-24
9,2025-08-02,2025-08-05,2025-08-06
11,2025-09-03,2025-09-05,2025-09-05
11,2025-07-13,2025-07-16,2025-07-16
11,2025-08-22,2025-08-23,2025-08-23
11,2025-07-27,2025-07-28,2025-07-29
11,2025-07-08,2025-07-11,2025-07-12
11,2025-08-08,2025-08-11,2025-08-11
11,2025-09-17,2025-09-20,2025-09-21
11,2025-09-06,2025-09-09,2025-09-09
11,2025-08-30,2025-09-03,2025-09-03
11,2025-08-23,2025-08-29,2025-08-29
11,2025-08-02,2025-08-05,2025-08-05
11,2025-08-03,2025-08-06,2025-08-06
11,2025-07-28,2025-07-29,2025-07-30
11,2025-08-04,2025-08-06,2025-08-06
11,2025-07-23,2025-07-26,2025-07-26
11,2025-07-12,2025-07-14,2025-07-14
11,2025-07-26,2025-07-27,2025-07-27
11,2025-07-04,2025-07-04,2025-07-05
11,2025-08-30,2025-08-31,2025-08-31
11,2025-07-22,2025-07-24,2025-07-24
11,2025-07-24,2025-07-27,2025-07-27
11,2025-07-25,2025-07-28,2025-07-28
11,2025-08-14,2025-08-15,2025-08-16
11,2025-08-26,2025-08-29,2025-08-29
11,2025-07-08,2025-07-13,2025-07-13
11,2025-07-27,2025-07-28,2025-07-28
11,2025-08-14,2025-08-16,2025-08-16
11,2025-08-03,2025-08-04,2025-08-04
11,2025-09-07,2025-09-08,2025-09-08
11,2025-09-07,2025-09-11,2025-09-11
15,2025-07-03,2025-07-04,2025-07-04
15,2025-08-16,2025-08-22,2025-08-22
15,2025-08-13,2025-08-13,2025-08-14
15,2025-07-06,2025-07-07,2025-07-08
15,2025-07-23,2025-07-23,2025-07-24
15,2025-08-31,2025-09-03,2025-09-03
15,2025-07-13,2025-07-14,2025-07-14
15,2025-08-12,2025-08-13,2025-08-13
15,2025-07-31,2025-08-01,2025-08-01
15,2025-07-03,2025-07-06,2025-07-06
15,2025-09-06,2025-09-12,2025-09-12
15,2025-09-10,2025-09-12,2025-09-12
15,2025-07-29,2025-08-04,2025-08-05
15,2025-07-19,2025-07-20,2025-07-20
15,2025-09-10,2025-09-11,2025-09-11
15,2025-07-10,2025-07-13,2025-07-13
15,2025-08-22,2025-08-22,2025-08-23
15,2025-09-08,2025-09-09,2025-09-09
15,2025-07-29,2025-08-02,2025-08-02
15,2025-07-23,2025-07-24,2025-07-25
15,2025-08-26,2025-08-26,2025-08-27
15,2025-07-10,2025-07-10,2025-07-11
15,2025-07-18,2025-07-20,2025-07-20
15,2025-09-07,2025-09-10,2025-09-10
15,2025-08-06,2025-08-10,2025-08-10
15,2025-07-06,2025-07-07,2025-07-07
15,2025-09-12,2025-09-12,2025-09-13
15,2025-09-03,2025-09-04,2025-09-04
15,2025-09-03,2025-09-04,2025-09-04
15,2025-08-03,2025-08-07,2025-08-07
16,2025-08-27,2025-08-29,2025-08-29
16,2025-08-02,2025-08-03,2025-08-03
16,2025-09-02,2025-09-04,2025-09-05
16,2025-07-17,2025-07-22,2025-07-22
16,2025-07-12,2025-07-13,2025-07-13
16,2025-08-27,2025-08-29,2025-08-30
16,2025-08-20,2025-08-23,2025-08-23
16,2025-07-12,2025-07-15,2025-07-15
16,2025-07-19,2025-07-23,2025-07-24
16,2025-09-16,2025-09-18,2025-09-18
16,2025-07-24,2025-07-27,2025-07-27
16,2025-07-31,2025-08-01,2025-08-01
16,2025-08-28,2025-08-29,2025-08-29
16,2025-08-06,2025-08-07,2025-08-07
16,2025-09-08,2025-09-15,2025-09-15
16,2025-07-19,2025-07-21,2025-07-21
16,2025-09-08,2025-09-13,2025-09-13
16,2025-09-17,2025-09-19,2025-09-19
16,2025-07-14,2025-07-18,2025-07-18
16,2025-07-18,2025-07-22,2025-07-22
16,2025-09-03,2025-09-05,2025-09-05
16,2025-07-18,2025-07-19,2025-07-19
16,2025-07-12,2025-07-13,2025-07-13
16,2025-07-30,2025-08-04,2025-08-04
16,2025-09-07,2025-09-09,2025-09-09
16,2025-08-01,2025-08-04,2025-08-04
16,2025-07-17,2025-07-18,2025-07-18
16,2025-08-22,2025-08-27,2025-08-27
16,2025-09-11,2025-09-12,2025-09-13
16,2025-07-16,2025-07-16,2025-07-17
17,2025-07-07,2025-07-07,2025-07-08
17,2025-09-06,2025-09-10,2025-09-10
17,2025-09-17,2025-09-19,2025-09-19
17,2025-07-23,2025-07-23,2025-07-24
17,2025-08-04,2025-08-04,2025-08-05
17,2025-07-21,2025-07-24,2025-07-24
17,2025-09-17,2025-09-20,2025-09-20
17,2025-08-05,2025-08-08,2025-08-08
17,2025-08-29,2025-08-30,2025-08-30
17,2025-09-06,2025-09-10,2025-09-11
17,2025-09-09,2025-09-14,2025-09-14
17,2025-07-06,2025-07-09,2025-07-10
17,2025-07-13,2025-07-13,2025-07-14
17,2025-08-02,2025-08-06,2025-08-07
17,2025-08-16,2025-08-16,2025-08-17
17,2025-08-03,2025-08-04,2025-08-05
17,2025-07-13,2025-07-16,2025-07-16
17,2025-09-17,2025-09-20,2025-09-20
17,2025-09-18,2025-09-20,2025-09-20
17,2025-08-28,2025-09-01,2025-09-02
17,2025-07-16,2025-07-21,2025-07-21
17,2025-07-17,2025-07-20,2025-07-20
17,2025-08-14,2025-08-17,2025-08-17
17,2025-09-03,2025-09-05,2025-09-05
17,2025-07-04,2025-07-08,2025-07-08
17,2025-09-14,2025-09-15,2025-09-15
17,2025-07-22,2025-07-26,2025-07-26
17,2025-07-05,2025-07-09,2025-07-09
17,2025-08-02,2025-08-06,2025-08-07
17,2025-09-12,2025-09-18,2025-09-18
18,2025-09-09,2025-09-10,2025-09-10
18,2025-08-31,2025-08-31,2025-09-01
18,2025-07-11,2025-07-12,2025-07-12
18,2025-07-26,2025-07-30,2025-07-30
18,2025-08-06,2025-08-07,2025-08-07
18,2025-08-19,2025-08-19,2025-08-20
18,2025-08-15,2025-08-15,2025-08-16
18,2025-08-25,2025-08-26,2025-08-27
18,2025-09-18,2025-09-19,2025-09-19
18,2025-07-20,2025-07-21,2025-07-21
18,2025-09-15,2025-09-21,2025-09-21
18,2025-08-08,2025-08-10,2025-08-11
18,2025-09-15,2025-09-16,2025-09-16
18,2025-08-13,2025-08-17,2025-08-17
18,2025-08-24,2025-08-25,2025-08-25
18,2025-08-09,2025-08-14,2025-08-14
18,2025-08-12,2025-08-15,2025-08-15
18,2025-08-07,2025-08-08,2025-08-08
18,2025-08-22,2025-08-23,2025-08-24
18,2025-08-05,2025-08-07,2025-08-07
18,2025-09-17,2025-09-18,2025-09-18
18,2025-07-15,2025-07-17,2025-07-17
18,2025-08-02,2025-08-04,2025-08-04
18,2025-08-22,2025-08-23,2025-08-23
18,2025-09-14,2025-09-17,2025-09-17
18,2025-08-11,2025-08-11,2025-08-12
18,2025-08-28,2025-08-30,2025-08-30
18,2025-07-25,2025-07-26,2025-07-26
18,2025-07-03,2025-07-07,2025-07-07
18,2025-09-18,2025-09-19,2025-09-19
19,2025-07-10,2025-07-11,2025-07-11
19,2025-08-26,2025-08-26,2025-08-27
19,2025-09-07,2025-09-08,2025-09-08
19,2025-07-29,2025-08-01,2025-08-01
19,2025-08-11,2025-08-12,2025-08-12
19,2025-07-29,2025-07-30,2025-07-30
19,2025-09-03,2025-09-04,2025-09-05
19,2025-09-15,2025-09-17,2025-09-18
19,2025-07-25,2025-07-26,2025-07-27
19,2025-07-14,2025-07-18,2025-07-18
19,2025-08-07,2025-08-09,2025-08-09
19,2025-07-13,2025-07-15,2025-07-15
19,2025-08-05,2025-08-10,2025-08-11
19,2025-07-05,2025-07-08,2025-07-09
19,2025-08-04,2025-08-10,2025-08-10
19,2025-07-04,2025-07-06,2025-07-07
19,2025-07-03,2025-07-04,2025-07-05
19,2025-08-01,2025-08-03,2025-08-03
19,2025-08-31,2025-08-31,2025-09-01
19,2025-07-29,2025-08-01,2025-08-01
19,2025-07-28,2025-08-02,2025-08-02
19,2025-07-04,2025-07-07,2025-07-07
19,2025-08-11,2025-08-12,2025-08-12
19,2025-08-21,2025-08-21,2025-08-22
19,2025-09-15,2025-09-17,2025-09-18
19,2025-08-14,2025-08-19,2025-08-19
19,2025-07-09,2025-07-14,2025-07-14
19,2025-08-07,2025-08-08,2025-08-08
19,2025-07-25,2025-07-27,2025-07-27
19,2025-08-09,2025-08-12,2025-08-12
23,2025-09-13,2025-09-17,2025-09-17
23,2025-08-13,2025-08-18,2025-08-18
23,2025-07-15,2025-07-23,2025-07-23
23,2025-09-13,2025-09-13,2025-09-14
23,2025-07-29,2025-08-03,2025-08-03
23,2025-08-18,2025-08-21,2025-08-21
23,2025-07-08,2025-07-08,2025-07-09
23,2025-08-23,2025-08-26,2025-08-26
23,2025-07-23,2025-07-24,2025-07-24
23,2025-07-28,2025-07-29,2025-07-29
23,2025-08-27,2025-09-01,2025-09-01
23,2025-07-11,2025-07-15,2025-07-15
23,2025-09-11,2025-09-11,2025-09-12
23,2025-07-11,2025-07-11,2025-07-12
23,2025-08-25,2025-08-26,2025-08-27
23,2025-08-07,2025-08-10,2025-08-10
23,2025-08-09,2025-08-13,2025-08-13
23,2025-08-27,2025-08-29,2025-08-29
23,2025-08-17,2025-08-17,2025-08-18
23,2025-08-23,2025-08-24,2025-08-24
23,2025-08-10,2025-08-11,2025-08-11
23,2025-07-13,2025-07-17,2025-07-17
23,2025-09-06,2025-09-07,2025-09-07
23,2025-07-07,2025-07-09,2025-07-10
23,2025-08-26,2025-08-29,2025-08-29
23,2025-07-23,2025-07-24,2025-07-24
23,2025-09-18,2025-09-21,2025-09-21
23,2025-09-01,2025-09-06,2025-09-06
23,2025-07-12,2025-07-15,2025-07-15
23,2025-09-11,2025-09-13,2025-09-13
25,2025-07-10,2025-07-13,2025-07-13
25,2025-07-21,2025-07-22,2025-07-22
25,2025-07-16,2025-07-20,2025-07-20
25,2025-09-18,2025-09-22,2025-09-22
25,2025-07-29,2025-07-30,2025-07-30
25,2025-08-30,2025-09-02,2025-09-03
25,2025-09-16,2025-09-17,2025-09-17
25,2025-07-23,2025-07-27,2025-07-27
25,2025-07-20,2025-07-22,2025-07-22
25,2025-09-02,2025-09-02,2025-09-03
25,2025-08-13,2025-08-16,2025-08-16
25,2025-08-15,2025-08-21,2025-08-21
25,2025-09-11,2025-09-13,2025-09-13
25,2025-09-17,2025-09-25,2025-09-25
25,2025-08-02,2025-08-03,2025-08-04
25,2025-07-21,2025-07-24,2025-07-25
25,2025-07-10,2025-07-12,2025-07-12
25,2025-07-18,2025-07-19,2025-07-20
25,2025-07-11,2025-07-12,2025-07-12
25,2025-07-08,2025-07-10,2025-07-10
25,2025-09-10,2025-09-11,2025-09-11
25,2025-08-28,2025-08-31,2025-09-01
25,2025-07-07,2025-07-11,2025-07-11
25,2025-08-17,2025-08-18,2025-08-19
25,2025-08-10,2025-08-11,2025-08-11
25,2025-07-15,2025-07-15,2025-07-16
25,2025-07-07,2025-07-08,2025-07-09
25,2025-07-06,2025-07-10,2025-07-10
25,2025-08-20,2025-08-22,2025-08-23
25,2025-08-28,2025-08-28,2025-08-29
27,2025-07-30,2025-08-03,2025-08-03
27,2025-07-08,2025-07-10,2025-07-10
27,2025-07-18,2025-07-23,2025-07-23
27,2025-07-15,2025-07-18,2025-07-18
27,2025-09-01,2025-09-05,2025-09-06
27,2025-08-22,2025-08-23,2025-08-23
27,2025-09-14,2025-09-18,2025-09-18
27,2025-09-14,2025-09-16,2025-09-16
27,2025-08-27,2025-08-28,2025-08-28
27,2025-08-30,2025-09-05,2025-09-06
27,2025-09-02,2025-09-03,2025-09-03
27,2025-08-23,2025-08-24,2025-08-25
27,2025-07-27,2025-07-28,2025-07-29
27,2025-09-01,2025-09-05,2025-09-05
27,2025-08-15,2025-08-18,2025-08-18
27,2025-09-05,2025-09-10,2025-09-10
27,2025-08-17,2025-08-18,2025-08-18
27,2025-09-13,2025-09-15,2025-09-16
27,2025-07-07,2025-07-14,2025-07-14
27,2025-07-25,2025-07-31,2025-07-31
27,2025-08-14,2025-08-16,2025-08-17
27,2025-08-21,2025-08-22,2025-08-22
27,2025-07-22,2025-07-23,2025-07-23
27,2025-09-05,2025-09-07,2025-09-07
27,2025-07-25,2025-07-30,2025-07-30
27,2025-09-08,2025-09-14,2025-09-14
27,2025-07-03,2025-07-04,2025-07-04
27,2025-08-23,2025-08-27,2025-08-27
27,2025-08-02,2025-08-03,2025-08-03
27,2025-08-30,2025-09-01,2025-09-02
28,2025-08-13,2025-08-17,2025-08-18
28,2025-07-13,2025-07-16,2025-07-16
28,2025-07-27,2025-07-29,2025-07-30
28,2025-07-19,2025-07-20,2025-07-21
28,2025-08-07,2025-08-13,2025-08-14
28,2025-08-02,2025-08-02,2025-08-03
28,2025-09-04,2025-09-05,2025-09-05
28,2025-09-07,2025-09-08,2025-09-09
28,2025-08-30,2025-09-07,2025-09-07
28,2025-09-01,2025-09-02,2025-09-02
28,2025-08-19,2025-08-20,2025-08-20
28,2025-07-12,2025-07-17,2025-07-17
28,2025-09-11,2025-09-13,2025-09-13
28,2025-07-15,2025-07-18,2025-07-18
28,2025-08-09,2025-08-12,2025-08-12
28,2025-08-15,2025-08-16,2025-08-16
28,2025-08-30,2025-09-03,2025-09-03
28,2025-07-25,2025-07-25,2025-07-26
28,2025-09-13,2025-09-17,2025-09-17
28,2025-08-29,2025-08-29,2025-08-30
28,2025-07-13,2025-07-17,2025-07-17
28,2025-07-20,2025-07-25,2025-07-25
28,2025-07-30,2025-08-01,2025-08-01
28,2025-08-22,2025-08-30,2025-08-30
28,2025-07-17,2025-07-20,2025-07-21
28,2025-09-02,2025-09-07,2025-09-08
28,2025-07-31,2025-08-05,2025-08-05
28,2025-08-17,2025-08-20,2025-08-20
28,2025-08-20,2025-08-21,2025-08-21
28,2025-08-01,2025-08-07,2025-08-07
31,2025-07-19,2025-07-20,2025-07-21
31,2025-08-27,2025-08-30,2025-08-30
31,2025-08-28,2025-09-03,2025-09-04
31,2025-08-19,2025-08-22,2025-08-23
31,2025-09-13,2025-09-13,2025-09-14
31,2025-07-15,2025-07-16,2025-07-16
31,2025-09-12,2025-09-14,2025-09-15
31,2025-08-14,2025-08-15,2025-08-16
31,2025-09-07,2025-09-12,2025-09-12
31,2025-09-17,2025-09-17,2025-09-18
31,2025-07-24,2025-07-30,2025-07-30
31,2025-08-30,2025-08-31,2025-08-31
31,2025-07-28,2025-07-31,2025-07-31
31,2025-07-09,2025-07-11,2025-07-11
31,2025-08-07,2025-08-10,2025-08-10
31,2025-08-26,2025-08-30,2025-08-31
31,2025-08-17,2025-08-18,2025-08-19
31,2025-07-28,2025-07-28,2025-07-29
31,2025-07-16,2025-07-19,2025-07-19
31,2025-07-27,2025-08-02,2025-08-03
31,2025-08-21,2025-08-23,2025-08-24
31,2025-08-01,2025-08-03,2025-08-04
31,2025-07-14,2025-07-15,2025-07-15
31,2025-09-17,2025-09-19,2025-09-19
31,2025-08-17,2025-08-18,2025-08-19
31,2025-08-21,2025-08-24,2025-08-24
31,2025-08-02,2025-08-02,2025-08-03
31,2025-08-30,2025-08-31,2025-09-01
31,2025-09-02,2025-09-04,2025-09-04
31,2025-07-22,2025-07-24,2025-07-24
41,2025-08-09,2025-08-10,2025-08-10
41,2025-08-24,2025-08-29,2025-08-29
41,2025-07-05,2025-07-09,2025-07-09
41,2025-08-11,2025-08-11,2025-08-12
41,2025-07-05,2025-07-10,2025-07-10
41,2025-07-07,2025-07-11,2025-07-11
41,2025-08-16,2025-08-17,2025-08-17
41,2025-07-25,2025-07-25,2025-07-26
41,2025-07-19,2025-07-22,2025-07-22
41,2025-08-22,2025-08-26,2025-08-26
41,2025-08-16,2025-08-18,2025-08-18
41,2025-09-13,2025-09-14,2025-09-14
41,2025-08-12,2025-08-13,2025-08-13
41,2025-09-13,2025-09-14,2025-09-14
41,2025-09-17,2025-09-22,2025-09-22
41,2025-07-10,2025-07-14,2025-07-14
41,2025-08-24,2025-09-02,2025-09-02
41,2025-07-14,2025-07-17,2025-07-17
41,2025-09-06,2025-09-10,2025-09-10
41,2025-07-24,2025-07-30,2025-07-30
41,2025-09-02,2025-09-03,2025-09-03
41,2025-09-04,2025-09-05,2025-09-06
41,2025-07-16,2025-07-24,2025-07-24
41,2025-08-06,2025-08-06,2025-08-07
41,2025-07-04,2025-07-08,2025-07-08
41,2025-07-13,2025-07-16,2025-07-17
41,2025-08-23,2025-08-23,2025-08-24
41,2025-09-11,2025-09-11,2025-09-12
41,2025-09-09,2025-09-13,2025-09-13
41,2025-08-15,2025-08-18,2025-08-18
47,2025-07-03,2025-07-04,2025-07-04
47,2025-09-10,2025-09-13,2025-09-13
47,2025-08-28,2025-08-31,2025-08-31
47,2025-08-05,2025-08-12,2025-08-12
47,2025-07-05,2025-07-14,2025-07-14
47,2025-07-25,2025-07-29,2025-07-29
47,2025-08-15,2025-08-17,2025-08-17
47,2025-08-25,2025-08-29,2025-08-29
47,2025-09-09,2025-09-14,2025-09-14
47,2025-07-13,2025-07-14,2025-07-15
47,2025-09-08,2025-09-11,2025-09-12
47,2025-09-13,2025-09-15,2025-09-15
47,2025-09-07,2025-09-11,2025-09-11
47,2025-07-08,2025-07-12,2025-07-12
47,2025-09-04,2025-09-06,2025-09-06
47,2025-09-04,2025-09-05,2025-09-06
47,2025-09-02,2025-09-05,2025-09-05
47,2025-08-23,2025-08-25,2025-08-25
47,2025-08-20,2025-08-21,2025-08-21
47,2025-07-21,2025-07-25,2025-07-25
47,2025-07-25,2025-07-26,2025-07-26
47,2025-09-08,2025-09-11,2025-09-11
47,2025-07-30,2025-07-31,2025-07-31
47,2025-08-13,2025-08-16,2025-08-16
47,2025-08-28,2025-08-29,2025-08-30
47,2025-08-15,2025-08-16,2025-08-16
47,2025-09-18,2025-09-21,2025-09-21
47,2025-07-28,2025-07-29,2025-07-29
47,2025-08-31,2025-09-03,2025-09-04
47,2025-07-17,2025-07-20,2025-07-20
48,2025-08-16,2025-08-19,2025-08-19
48,2025-09-06,2025-09-07,2025-09-08
48,2025-09-10,2025-09-12,2025-09-12
48,2025-08-06,2025-08-12,2025-08-12
48,2025-08-28,2025-09-02,2025-09-02
48,2025-08-30,2025-09-03,2025-09-03
48,2025-08-17,2025-08-20,2025-08-21
48,2025-08-28,2025-08-31,2025-08-31
48,2025-08-30,2025-09-02,2025-09-02
48,2025-09-01,2025-09-02,2025-09-02
48,2025-08-08,2025-08-09,2025-08-09
48,2025-07-09,2025-07-12,2025-07-12
48,2025-08-25,2025-08-27,2025-08-27
48,2025-07-25,2025-07-28,2025-07-29
48,2025-09-01,2025-09-02,2025-09-03
48,2025-07-03,2025-07-04,2025-07-04
48,2025-07-30,2025-07-30,2025-07-31
48,2025-08-23,2025-08-25,2025-08-25
48,2025-08-16,2025-08-21,2025-08-21
48,2025-08-26,2025-08-29,2025-08-30
48,2025-08-11,2025-08-13,2025-08-13
48,2025-08-20,2025-08-21,2025-08-21
48,2025-07-29,2025-07-31,2025-07-31
48,2025-08-15,2025-08-16,2025-08-17
48,2025-07-18,2025-07-22,2025-07-23
48,2025-07-11,2025-07-14,2025-07-15
48,2025-07-26,2025-07-30,2025-07-31
48,2025-07-07,2025-07-12,2025-07-12
48,2025-08-22,2025-08-25,2025-08-25
48,2025-07-24,2025-07-25,2025-07-25
57,2025-07-20,2025-07-24,2025-07-24
57,2025-07-29,2025-07-30,2025-07-31
57,2025-08-03,2025-08-04,2025-08-04
57,2025-08-25,2025-09-02,2025-09-02
57,2025-08-20,2025-08-21,2025-08-22
57,2025-07-09,2025-07-10,2025-07-10
57,2025-07-24,2025-07-25,2025-07-25
57,2025-09-13,2025-09-13,2025-09-14
57,2025-08-13,2025-08-13,2025-08-14
57,2025-07-12,2025-07-13,2025-07-13
57,2025-07-03,2025-07-05,2025-07-05
57,2025-07-04,2025-07-06,2025-07-06
57,2025-08-10,2025-08-14,2025-08-14
57,2025-09-01,2025-09-03,2025-09-04
57,2025-07-08,2025-07-12,2025-07-12
57,2025-07-27,2025-07-30,2025-07-30
57,2025-09-02,2025-09-06,2025-09-06
57,2025-08-21,2025-08-25,2025-08-25
57,2025-09-09,2025-09-12,2025-09-12
57,2025-08-15,2025-08-18,2025-08-18
57,2025-07-09,2025-07-13,2025-07-13
57,2025-07-24,2025-07-26,2025-07-26
57,2025-07-11,2025-07-12,2025-07-12
57,2025-08-13,2025-08-14,2025-08-14
57,2025-07-13,2025-07-13,2025-07-14
57,2025-07-28,2025-08-01,2025-08-01
57,2025-09-02,2025-09-03,2025-09-03
57,2025-08-04,2025-08-05,2025-08-05
57,2025-09-17,2025-09-18,2025-09-18
57,2025-07-06,2025-07-10,2025-07-10
68,2025-09-18,2025-09-18,2025-09-19
68,2025-07-24,2025-07-26,2025-07-27
68,2025-07-08,2025-07-09,2025-07-09
68,2025-07-14,2025-07-15,2025-07-15
68,2025-08-17,2025-08-21,2025-08-22
68,2025-07-08,2025-07-10,2025-07-11
68,2025-09-16,2025-09-17,2025-09-18
68,2025-08-22,2025-08-22,2025-08-23
68,2025-07-03,2025-07-04,2025-07-04
68,2025-08-01,2025-08-01,2025-08-02
68,2025-08-08,2025-08-09,2025-08-09
68,2025-09-18,2025-09-22,2025-09-22
68,2025-07-03,2025-07-04,2025-07-05
68,2025-07-21,2025-07-28,2025-07-29
68,2025-07-13,2025-07-13,2025-07-14
68,2025-07-17,2025-07-22,2025-07-22
68,2025-07-26,2025-07-26,2025-07-27
68,2025-08-13,2025-08-15,2025-08-15
68,2025-07-21,2025-07-24,2025-07-24
68,2025-08-19,2025-08-22,2025-08-22
68,2025-08-05,2025-08-09,2025-08-09
68,2025-08-16,2025-08-20,2025-08-20
68,2025-07-28,2025-07-28,2025-07-29
68,2025-08-28,2025-08-29,2025-08-29
68,2025-08-29,2025-09-03,2025-09-03
68,2025-09-03,2025-09-06,2025-09-06
68,2025-08-22,2025-08-25,2025-08-25
68,2025-09-11,2025-09-14,2025-09-14
68,2025-09-04,2025-09-07,2025-09-07
68,2025-07-12,2025-07-17,2025-07-17
70,2025-08-21,2025-08-22,2025-08-22
70,2025-07-24,2025-07-25,2025-07-26
70,2025-08-27,2025-08-29,2025-08-29
70,2025-07-04,2025-07-09,2025-07-10
70,2025-07-18,2025-07-19,2025-07-19
70,2025-08-27,2025-08-29,2025-08-29
70,2025-07-29,2025-08-02,2025-08-02
70,2025-08-19,2025-08-21,2025-08-21
70,2025-09-01,2025-09-01,2025-09-02
70,2025-07-12,2025-07-14,2025-07-14
70,2025-08-22,2025-08-24,2025-08-25
70,2025-07-11,2025-07-12,2025-07-12
70,2025-08-04,2025-08-08,2025-08-08
70,2025-08-28,2025-08-31,2025-08-31
70,2025-09-13,2025-09-15,2025-09-16
70,2025-07-12,2025-07-19,2025-07-19
70,2025-07-08,2025-07-09,2025-07-09
70,2025-09-03,2025-09-09,2025-09-09
70,2025-07-20,2025-07-23,2025-07-24
70,2025-07-17,2025-07-20,2025-07-21
70,2025-07-21,2025-07-26,2025-07-26
70,2025-07-30,2025-07-30,2025-07-31
70,2025-07-09,2025-07-12,2025-07-13
70,2025-08-24,2025-08-27,2025-08-27
70,2025-07-26,2025-07-31,2025-07-31
70,2025-07-04,2025-07-05,2025-07-06
70,2025-08-27,2025-08-28,2025-08-28
70,2025-08-19,2025-08-20,2025-08-21
70,2025-08-25,2025-08-31,2025-08-31
70,2025-07-05,2025-07-06,2025-07-06
131,2025-08-30,2025-09-02,2025-09-02
131,2025-08-14,2025-08-15,2025-08-15
131,2025-09-01,2025-09-01,2025-09-02
131,2025-08-17,2025-08-20,2025-08-20
131,2025-08-03,2025-08-03,2025-08-04
131,2025-08-11,2025-08-14,2025-08-14
131,2025-08-28,2025-08-30,2025-08-30
131,2025-07-18,2025-07-20,2025-07-20
131,2025-07-26,2025-07-31,2025-08-01
131,2025-07-20,2025-07-24,2025-07-24
131,2025-08-12,2025-08-17,2025-08-18
131,2025-07-15,2025-07-16,2025-07-16
131,2025-07-23,2025-07-24,2025-07-25
131,2025-08-12,2025-08-13,2025-08-13
131,2025-08-06,2025-08-09,2025-08-09
131,2025-08-31,2025-09-01,2025-09-01
131,2025-08-11,2025-08-13,2025-08-13
131,2025-07-04,2025-07-04,2025-07-05
131,2025-08-09,2025-08-11,2025-08-11
131,2025-08-01,2025-08-08,2025-08-08
131,2025-08-27,2025-08-30,2025-08-30
131,2025-08-29,2025-09-01,2025-09-01
131,2025-07-25,2025-07-27,2025-07-27
131,2025-07-03,2025-07-03,2025-07-04
131,2025-07-21,2025-07-22,2025-07-22
131,2025-07-20,2025-07-21,2025-07-21
131,2025-07-14,2025-07-16,2025-07-16
131,2025-07-21,2025-07-25,2025-07-25
131,2025-07-10,2025-07-16,2025-07-17
131,2025-08-01,2025-08-07,2025-08-07
139,2025-07-31,2025-08-07,2025-08-08
139,2025-08-26,2025-08-27,2025-08-28
139,2025-07-10,2025-07-13,2025-07-13
139,2025-07-15,2025-07-19,2025-07-20
139,2025-09-12,2025-09-16,2025-09-16
139,2025-08-16,2025-08-18,2025-08-18
139,2025-08-06,2025-08-08,2025-08-09
139,2025-09-07,2025-09-13,2025-09-13
139,2025-08-18,2025-08-22,2025-08-22
139,2025-07-08,2025-07-09,2025-07-09
139,2025-08-24,2025-08-27,2025-08-27
139,2025-08-24,2025-08-27,2025-08-27
139,2025-07-17,2025-07-18,2025-07-18
139,2025-09-09,2025-09-10,2025-09-10
139,2025-08-03,2025-08-08,2025-08-09
139,2025-07-19,2025-07-19,2025-07-20
139,2025-07-03,2025-07-04,2025-07-04
139,2025-08-02,2025-08-03,2025-08-03
139,2025-07-31,2025-08-01,2025-08-01
139,2025-08-26,2025-08-27,2025-08-27
139,2025-07-11,2025-07-17,2025-07-17
139,2025-09-16,2025-09-16,2025-09-17
139,2025-09-04,2025-09-06,2025-09-06
139,2025-07-28,2025-08-01,2025-08-02
139,2025-08-22,2025-08-27,2025-08-27
139,2025-08-11,2025-08-13,2025-08-13
139,2025-08-11,2025-08-12,2025-08-12
139,2025-07-11,2025-07-13,2025-07-13
139,2025-07-14,2025-07-15,2025-07-15
139,2025-08-06,2025-08-08,2025-08-09
